Город;ID;URL_имя;Категория;Количество
Ростов-на-Дону;1091544;rostov-na-donu;kvartiry;55569
Ростов-на-Дону;1091544;rostov-na-donu;dom;4012
Ростов-на-Дону;1091544;rostov-na-donu;dachi;38
Ростов-на-Дону;1091544;rostov-na-donu;kottedzhi;24
Ростов-на-Дону;1091544;rostov-na-donu;taunhaus;43
Ростов-на-Дону;1091544;rostov-na-donu;zemlya_izhs;1438
Ростов-на-Дону;1091544;rostov-na-donu;zemlya_selhoznaznacheniya;361
Ростов-на-Дону;1091544;rostov-na-donu;zemlya_promnaznacheniya;153
Ростов-на-Дону;1091544;rostov-na-donu;garazhi_m;871
Ростов-на-Дону;1091544;rostov-na-donu;ofisy;587
Ростов-на-Дону;1091544;rostov-na-donu;pomesh;895
Ростов-на-Дону;1091544;rostov-na-donu;sklady;83
Ростов-на-Дону;1091544;rostov-na-donu;magaziny;653
Ростов-на-Дону;1091544;rostov-na-donu;proizvodstvo;62
Сальск;61312;salsk;kvartiry;253
Сальск;61312;salsk;dom;203
Сальск;61312;salsk;dachi;16
Сальск;61312;salsk;kottedzhi;856
Сальск;61312;salsk;taunhaus;317
Сальск;61312;salsk;zemlya_izhs;40
Сальск;61312;salsk;zemlya_selhoznaznacheniya;12
Сальск;61312;salsk;zemlya_promnaznacheniya;4
Сальск;61312;salsk;garazhi_m;9
Сальск;61312;salsk;ofisy;2
Сальск;61312;salsk;pomesh;21
Сальск;61312;salsk;sklady;5
Сальск;61312;salsk;magaziny;13
Сальск;61312;salsk;proizvodstvo;8
Семикаракорск;23884;semikarakorsk;kvartiry;50
Семикаракорск;23884;semikarakorsk;dom;71
Семикаракорск;23884;semikarakorsk;dachi;5
Семикаракорск;23884;semikarakorsk;kottedzhi;4
Семикаракорск;23884;semikarakorsk;taunhaus;168
Семикаракорск;23884;semikarakorsk;zemlya_izhs;42
Семикаракорск;23884;semikarakorsk;zemlya_selhoznaznacheniya;12
Семикаракорск;23884;semikarakorsk;zemlya_promnaznacheniya;6
Семикаракорск;23884;semikarakorsk;garazhi_m;2
Семикаракорск;23884;semikarakorsk;ofisy;3
Семикаракорск;23884;semikarakorsk;pomesh;10
Семикаракорск;23884;semikarakorsk;sklady;2
Семикаракорск;23884;semikarakorsk;magaziny;13
Семикаракорск;23884;semikarakorsk;proizvodstvo;3
Таганрог;257692;taganrog;kvartiry;3623
Таганрог;257692;taganrog;dom;1158
Таганрог;257692;taganrog;dachi;55
Таганрог;257692;taganrog;kottedzhi;8
Таганрог;257692;taganrog;taunhaus;10
Таганрог;257692;taganrog;zemlya_izhs;283
Таганрог;257692;taganrog;zemlya_selhoznaznacheniya;95
Таганрог;257692;taganrog;zemlya_promnaznacheniya;25
Таганрог;257692;taganrog;garazhi_m;134
Таганрог;257692;taganrog;ofisy;88
Таганрог;257692;taganrog;pomesh;148
Таганрог;257692;taganrog;sklady;30
Таганрог;257692;taganrog;magaziny;112
Таганрог;257692;taganrog;proizvodstvo;30
Цимлянск;15029;tsimlyansk;kvartiry;35
Цимлянск;15029;tsimlyansk;dom;106
Цимлянск;15029;tsimlyansk;dachi;2
Цимлянск;15029;tsimlyansk;kottedzhi;7
Цимлянск;15029;tsimlyansk;taunhaus;726
Цимлянск;15029;tsimlyansk;zemlya_izhs;26
Цимлянск;15029;tsimlyansk;zemlya_selhoznaznacheniya;12
Цимлянск;15029;tsimlyansk;zemlya_promnaznacheniya;1
Цимлянск;15029;tsimlyansk;garazhi_m;1
Цимлянск;15029;tsimlyansk;ofisy;3
Цимлянск;15029;tsimlyansk;pomesh;7
Цимлянск;15029;tsimlyansk;sklady;3
Цимлянск;15029;tsimlyansk;magaziny;10
Цимлянск;15029;tsimlyansk;proizvodstvo;2
Шахты;240152;shahty;kvartiry;1487
Шахты;240152;shahty;dom;549
Шахты;240152;shahty;dachi;4
Шахты;240152;shahty;kottedzhi;9
Шахты;240152;shahty;taunhaus;1
Шахты;240152;shahty;zemlya_izhs;111
Шахты;240152;shahty;zemlya_selhoznaznacheniya;11
Шахты;240152;shahty;zemlya_promnaznacheniya;24
Шахты;240152;shahty;garazhi_m;74
Шахты;240152;shahty;ofisy;18
Шахты;240152;shahty;pomesh;55
Шахты;240152;shahty;sklady;16
Шахты;240152;shahty;magaziny;55
Шахты;240152;shahty;proizvodstvo;23
Касимов;33494;kasimov;kvartiry;146
Касимов;33494;kasimov;dom;206
Касимов;33494;kasimov;dachi;8
Касимов;33494;kasimov;kottedzhi;6
Касимов;33494;kasimov;taunhaus;2
Касимов;33494;kasimov;zemlya_izhs;179
Касимов;33494;kasimov;zemlya_selhoznaznacheniya;52
Касимов;33494;kasimov;zemlya_promnaznacheniya;2
Касимов;33494;kasimov;garazhi_m;39
Касимов;33494;kasimov;ofisy;4
Касимов;33494;kasimov;pomesh;14
Касимов;33494;kasimov;sklady;1
Касимов;33494;kasimov;magaziny;10
Касимов;33494;kasimov;proizvodstvo;4
Новомичуринск;19309;novomichurinsk;kvartiry;94
Новомичуринск;19309;novomichurinsk;dom;27
Новомичуринск;19309;novomichurinsk;dachi;21
Новомичуринск;19309;novomichurinsk;kottedzhi;5
Новомичуринск;19309;novomichurinsk;taunhaus;59
Новомичуринск;19309;novomichurinsk;zemlya_izhs;22
Новомичуринск;19309;novomichurinsk;zemlya_selhoznaznacheniya;13
Новомичуринск;19309;novomichurinsk;zemlya_promnaznacheniya;116
Новомичуринск;19309;novomichurinsk;garazhi_m;17
Новомичуринск;19309;novomichurinsk;ofisy;2
Новомичуринск;19309;novomichurinsk;pomesh;5
Новомичуринск;19309;novomichurinsk;sklady;3
Новомичуринск;19309;novomichurinsk;magaziny;5
Новомичуринск;19309;novomichurinsk;proizvodstvo;2
Рыбное;18378;rybnoe;kvartiry;511
Рыбное;18378;rybnoe;dom;222
Рыбное;18378;rybnoe;dachi;34
Рыбное;18378;rybnoe;kottedzhi;12
Рыбное;18378;rybnoe;taunhaus;1
Рыбное;18378;rybnoe;zemlya_izhs;209
Рыбное;18378;rybnoe;zemlya_selhoznaznacheniya;96
Рыбное;18378;rybnoe;zemlya_promnaznacheniya;12
Рыбное;18378;rybnoe;garazhi_m;31
Рыбное;18378;rybnoe;ofisy;5
Рыбное;18378;rybnoe;pomesh;24
Рыбное;18378;rybnoe;sklady;7
Рыбное;18378;rybnoe;magaziny;5
Рыбное;18378;rybnoe;proizvodstvo;1
Ряжск;21676;ryazhsk;kvartiry;87
Ряжск;21676;ryazhsk;dom;152
Ряжск;21676;ryazhsk;dachi;10
Ряжск;21676;ryazhsk;kottedzhi;1
Ряжск;21676;ryazhsk;taunhaus;115
Ряжск;21676;ryazhsk;zemlya_izhs;66
Ряжск;21676;ryazhsk;zemlya_selhoznaznacheniya;8
Ряжск;21676;ryazhsk;zemlya_promnaznacheniya;3
Ряжск;21676;ryazhsk;garazhi_m;20
Ряжск;21676;ryazhsk;ofisy;1
Ряжск;21676;ryazhsk;pomesh;6
Ряжск;21676;ryazhsk;sklady;4
Ряжск;21676;ryazhsk;magaziny;6
Ряжск;21676;ryazhsk;proizvodstvo;5
Рязань;525062;ryazan;kvartiry;20435
Рязань;525062;ryazan;dom;860
Рязань;525062;ryazan;dachi;189
Рязань;525062;ryazan;kottedzhi;112
Рязань;525062;ryazan;taunhaus;16
Рязань;525062;ryazan;zemlya_izhs;687
Рязань;525062;ryazan;zemlya_selhoznaznacheniya;421
Рязань;525062;ryazan;zemlya_promnaznacheniya;47
Рязань;525062;ryazan;garazhi_m;780
Рязань;525062;ryazan;ofisy;113
Рязань;525062;ryazan;pomesh;225
Рязань;525062;ryazan;sklady;41
Рязань;525062;ryazan;magaziny;109
Рязань;525062;ryazan;proizvodstvo;32
Сасово;28117;sasovo;kvartiry;154
Сасово;28117;sasovo;dom;180
Сасово;28117;sasovo;dachi;27
Сасово;28117;sasovo;kottedzhi;5
Сасово;28117;sasovo;taunhaus;1
Сасово;28117;sasovo;zemlya_izhs;83
Сасово;28117;sasovo;zemlya_selhoznaznacheniya;8
Сасово;28117;sasovo;zemlya_promnaznacheniya;4
Сасово;28117;sasovo;garazhi_m;20
Сасово;28117;sasovo;ofisy;3
Сасово;28117;sasovo;pomesh;11
Сасово;28117;sasovo;sklady;4
Сасово;28117;sasovo;magaziny;4
Сасово;28117;sasovo;proizvodstvo;5
Скопин;30374;skopin;kvartiry;191
Скопин;30374;skopin;dom;230
Скопин;30374;skopin;dachi;6
Скопин;30374;skopin;kottedzhi;4
Скопин;30374;skopin;taunhaus;28
Скопин;30374;skopin;zemlya_izhs;100
Скопин;30374;skopin;zemlya_selhoznaznacheniya;16
Скопин;30374;skopin;zemlya_promnaznacheniya;4
Скопин;30374;skopin;garazhi_m;12
Скопин;30374;skopin;ofisy;3
Скопин;30374;skopin;pomesh;17
Скопин;30374;skopin;sklady;7
Скопин;30374;skopin;magaziny;15
Скопин;30374;skopin;proizvodstvo;2
Жигулевск;57565;zhigulevsk;kvartiry;300
Жигулевск;57565;zhigulevsk;dom;141
Жигулевск;57565;zhigulevsk;dachi;120
Жигулевск;57565;zhigulevsk;kottedzhi;7
Жигулевск;57565;zhigulevsk;taunhaus;158
Жигулевск;57565;zhigulevsk;zemlya_izhs;114
Жигулевск;57565;zhigulevsk;zemlya_selhoznaznacheniya;67
Жигулевск;57565;zhigulevsk;zemlya_promnaznacheniya;3
Жигулевск;57565;zhigulevsk;garazhi_m;40
Жигулевск;57565;zhigulevsk;ofisy;6
Жигулевск;57565;zhigulevsk;pomesh;14
Жигулевск;57565;zhigulevsk;sklady;2
Жигулевск;57565;zhigulevsk;magaziny;8
Жигулевск;57565;zhigulevsk;proizvodstvo;6
Кинель;34472;kinel;kvartiry;182
Кинель;34472;kinel;dom;296
Кинель;34472;kinel;dachi;13
Кинель;34472;kinel;kottedzhi;28
Кинель;34472;kinel;taunhaus;835
Кинель;34472;kinel;zemlya_izhs;323
Кинель;34472;kinel;zemlya_selhoznaznacheniya;93
Кинель;34472;kinel;zemlya_promnaznacheniya;9
Кинель;34472;kinel;garazhi_m;38
Кинель;34472;kinel;ofisy;3
Кинель;34472;kinel;pomesh;14
Кинель;34472;kinel;sklady;7
Кинель;34472;kinel;magaziny;9
Кинель;34472;kinel;proizvodstvo;14
Нефтегорск;18732;samarskaya_oblast_neftegorsk;kvartiry;116
Нефтегорск;18732;samarskaya_oblast_neftegorsk;dom;108
Нефтегорск;18732;samarskaya_oblast_neftegorsk;dachi;1
Нефтегорск;18732;samarskaya_oblast_neftegorsk;kottedzhi;1
Нефтегорск;18732;samarskaya_oblast_neftegorsk;taunhaus;1
Нефтегорск;18732;samarskaya_oblast_neftegorsk;zemlya_izhs;71
Нефтегорск;18732;samarskaya_oblast_neftegorsk;zemlya_selhoznaznacheniya;6
Нефтегорск;18732;samarskaya_oblast_neftegorsk;zemlya_promnaznacheniya;4
Нефтегорск;18732;samarskaya_oblast_neftegorsk;garazhi_m;14
Нефтегорск;18732;samarskaya_oblast_neftegorsk;ofisy;4
Нефтегорск;18732;samarskaya_oblast_neftegorsk;pomesh;10
Нефтегорск;18732;samarskaya_oblast_neftegorsk;sklady;3
Нефтегорск;18732;samarskaya_oblast_neftegorsk;magaziny;9
Нефтегорск;18732;samarskaya_oblast_neftegorsk;proizvodstvo;3
Новокуйбышевск;108449;novokuybyshevsk;kvartiry;753
Новокуйбышевск;108449;novokuybyshevsk;dom;228
Новокуйбышевск;108449;novokuybyshevsk;dachi;131
Новокуйбышевск;108449;novokuybyshevsk;kottedzhi;20
Новокуйбышевск;108449;novokuybyshevsk;taunhaus;1
Новокуйбышевск;108449;novokuybyshevsk;zemlya_izhs;145
Новокуйбышевск;108449;novokuybyshevsk;zemlya_selhoznaznacheniya;196
Новокуйбышевск;108449;novokuybyshevsk;zemlya_promnaznacheniya;7
Новокуйбышевск;108449;novokuybyshevsk;garazhi_m;106
Новокуйбышевск;108449;novokuybyshevsk;ofisy;8
Новокуйбышевск;108449;novokuybyshevsk;pomesh;26
Новокуйбышевск;108449;novokuybyshevsk;sklady;14
Новокуйбышевск;108449;novokuybyshevsk;magaziny;18
Новокуйбышевск;108449;novokuybyshevsk;proizvodstvo;21
Октябрьск;27244;oktyabrsk;kvartiry;144
Октябрьск;27244;oktyabrsk;dom;150
Октябрьск;27244;oktyabrsk;dachi;5
Октябрьск;27244;oktyabrsk;kottedzhi;3
Октябрьск;27244;oktyabrsk;taunhaus;99
Октябрьск;27244;oktyabrsk;zemlya_izhs;93
Октябрьск;27244;oktyabrsk;zemlya_selhoznaznacheniya;7
Октябрьск;27244;oktyabrsk;zemlya_promnaznacheniya;967
Октябрьск;27244;oktyabrsk;garazhi_m;32
Октябрьск;27244;oktyabrsk;ofisy;3
Октябрьск;27244;oktyabrsk;pomesh;6
Октябрьск;27244;oktyabrsk;sklady;904
Октябрьск;27244;oktyabrsk;magaziny;2
Октябрьск;27244;oktyabrsk;proizvodstvo;1
Отрадный;47709;otradnyy;kvartiry;375
Отрадный;47709;otradnyy;dom;91
Отрадный;47709;otradnyy;dachi;47
Отрадный;47709;otradnyy;kottedzhi;3
Отрадный;47709;otradnyy;taunhaus;39
Отрадный;47709;otradnyy;zemlya_izhs;128
Отрадный;47709;otradnyy;zemlya_selhoznaznacheniya;63
Отрадный;47709;otradnyy;zemlya_promnaznacheniya;1
Отрадный;47709;otradnyy;garazhi_m;69
Отрадный;47709;otradnyy;ofisy;4
Отрадный;47709;otradnyy;pomesh;7
Отрадный;47709;otradnyy;sklady;2
Отрадный;47709;otradnyy;magaziny;4
Отрадный;47709;otradnyy;proizvodstvo;3
Похвистнево;28181;pohvistnevo;kvartiry;134
Похвистнево;28181;pohvistnevo;dom;173
Похвистнево;28181;pohvistnevo;dachi;2
Похвистнево;28181;pohvistnevo;kottedzhi;4
Похвистнево;28181;pohvistnevo;taunhaus;685
Похвистнево;28181;pohvistnevo;zemlya_izhs;50
Похвистнево;28181;pohvistnevo;zemlya_selhoznaznacheniya;14
Похвистнево;28181;pohvistnevo;zemlya_promnaznacheniya;1
Похвистнево;28181;pohvistnevo;garazhi_m;44
Похвистнево;28181;pohvistnevo;ofisy;5
Похвистнево;28181;pohvistnevo;pomesh;9
Похвистнево;28181;pohvistnevo;sklady;3
Похвистнево;28181;pohvistnevo;magaziny;11
Похвистнево;28181;pohvistnevo;proizvodstvo;2
Самара;1164900;samara;kvartiry;16004
Самара;1164900;samara;dom;1346
Самара;1164900;samara;dachi;486
Самара;1164900;samara;kottedzhi;340
Самара;1164900;samara;taunhaus;47
Самара;1164900;samara;zemlya_izhs;1124
Самара;1164900;samara;zemlya_selhoznaznacheniya;699
Самара;1164900;samara;zemlya_promnaznacheniya;39
Самара;1164900;samara;garazhi_m;1587
Самара;1164900;samara;ofisy;580
Самара;1164900;samara;pomesh;598
Самара;1164900;samara;sklady;85
Самара;1164900;samara;magaziny;572
Самара;1164900;samara;proizvodstvo;100
Сызрань;178773;syzran;kvartiry;1197
Сызрань;178773;syzran;dom;479
Сызрань;178773;syzran;dachi;50
Сызрань;178773;syzran;kottedzhi;24
Сызрань;178773;syzran;taunhaus;9
Сызрань;178773;syzran;zemlya_izhs;283
Сызрань;178773;syzran;zemlya_selhoznaznacheniya;81
Сызрань;178773;syzran;zemlya_promnaznacheniya;6
Сызрань;178773;syzran;garazhi_m;194
Сызрань;178773;syzran;ofisy;11
Сызрань;178773;syzran;pomesh;37
Сызрань;178773;syzran;sklady;11
Сызрань;178773;syzran;magaziny;19
Сызрань;178773;syzran;proizvodstvo;23
Тольятти;719484;tolyatti;kvartiry;5346
Тольятти;719484;tolyatti;dom;655
Тольятти;719484;tolyatti;dachi;648
Тольятти;719484;tolyatti;kottedzhi;94
Тольятти;719484;tolyatti;taunhaus;34
Тольятти;719484;tolyatti;zemlya_izhs;568
Тольятти;719484;tolyatti;zemlya_selhoznaznacheniya;351
Тольятти;719484;tolyatti;zemlya_promnaznacheniya;55
Тольятти;719484;tolyatti;garazhi_m;1031
Тольятти;719484;tolyatti;ofisy;160
Тольятти;719484;tolyatti;pomesh;231
Тольятти;719484;tolyatti;sklady;50
Тольятти;719484;tolyatti;magaziny;130
Тольятти;719484;tolyatti;proizvodstvo;78
Чапаевск;72689;chapaevsk;kvartiry;427
Чапаевск;72689;chapaevsk;dom;185
Чапаевск;72689;chapaevsk;dachi;95
Чапаевск;72689;chapaevsk;kottedzhi;13
Чапаевск;72689;chapaevsk;taunhaus;81
Чапаевск;72689;chapaevsk;zemlya_izhs;167
Чапаевск;72689;chapaevsk;zemlya_selhoznaznacheniya;70
Чапаевск;72689;chapaevsk;zemlya_promnaznacheniya;1
Чапаевск;72689;chapaevsk;garazhi_m;57
Чапаевск;72689;chapaevsk;ofisy;5
Чапаевск;72689;chapaevsk;pomesh;16
Чапаевск;72689;chapaevsk;sklady;5
Чапаевск;72689;chapaevsk;magaziny;12
Чапаевск;72689;chapaevsk;proizvodstvo;4
Аткарск;25620;atkarsk;kvartiry;25
Аткарск;25620;atkarsk;dom;54
Аткарск;25620;atkarsk;dachi;247
Аткарск;25620;atkarsk;kottedzhi;2
Аткарск;25620;atkarsk;taunhaus;804
Аткарск;25620;atkarsk;zemlya_izhs;9
Аткарск;25620;atkarsk;zemlya_selhoznaznacheniya;1
Аткарск;25620;atkarsk;zemlya_promnaznacheniya;113
Аткарск;25620;atkarsk;garazhi_m;7
Аткарск;25620;atkarsk;ofisy;974
Аткарск;25620;atkarsk;pomesh;4
Аткарск;25620;atkarsk;sklady;3
Аткарск;25620;atkarsk;magaziny;1
Аткарск;25620;atkarsk;proizvodstvo;4
Балаково;199576;balakovo;kvartiry;1516
Балаково;199576;balakovo;dom;230
Балаково;199576;balakovo;dachi;102
Балаково;199576;balakovo;kottedzhi;4
Балаково;199576;balakovo;taunhaus;813
Балаково;199576;balakovo;zemlya_izhs;172
Балаково;199576;balakovo;zemlya_selhoznaznacheniya;69
Балаково;199576;balakovo;zemlya_promnaznacheniya;10
Балаково;199576;balakovo;garazhi_m;122
Балаково;199576;balakovo;ofisy;17
Балаково;199576;balakovo;pomesh;57
Балаково;199576;balakovo;sklady;14
Балаково;199576;balakovo;magaziny;27
Балаково;199576;balakovo;proizvodstvo;17
Балашов;82222;balashov;kvartiry;442
Балашов;82222;balashov;dom;242
Балашов;82222;balashov;dachi;11
Балашов;82222;balashov;kottedzhi;7
Балашов;82222;balashov;taunhaus;44
Балашов;82222;balashov;zemlya_izhs;39
Балашов;82222;balashov;zemlya_selhoznaznacheniya;5
Балашов;82222;balashov;zemlya_promnaznacheniya;18
Балашов;82222;balashov;garazhi_m;22
Балашов;82222;balashov;ofisy;8
Балашов;82222;balashov;pomesh;14
Балашов;82222;balashov;sklady;5
Балашов;82222;balashov;magaziny;13
Балашов;82222;balashov;proizvodstvo;1
Вольск;66520;volsk;kvartiry;342
Вольск;66520;volsk;dom;122
Вольск;66520;volsk;dachi;4
Вольск;66520;volsk;kottedzhi;3
Вольск;66520;volsk;taunhaus;1
Вольск;66520;volsk;zemlya_izhs;37
Вольск;66520;volsk;zemlya_selhoznaznacheniya;3
Вольск;66520;volsk;zemlya_promnaznacheniya;3
Вольск;66520;volsk;garazhi_m;14
Вольск;66520;volsk;ofisy;5
Вольск;66520;volsk;pomesh;24
Вольск;66520;volsk;sklady;6
Вольск;66520;volsk;magaziny;5
Вольск;66520;volsk;proizvodstvo;7
Ершов;21447;ershov;kvartiry;41
Ершов;21447;ershov;dom;53
Ершов;21447;ershov;dachi;136
Ершов;21447;ershov;kottedzhi;194
Ершов;21447;ershov;taunhaus;797
Ершов;21447;ershov;zemlya_izhs;3
Ершов;21447;ershov;zemlya_selhoznaznacheniya;5
Ершов;21447;ershov;zemlya_promnaznacheniya;2
Ершов;21447;ershov;garazhi_m;4
Ершов;21447;ershov;ofisy;4
Ершов;21447;ershov;pomesh;8
Ершов;21447;ershov;sklady;1
Ершов;21447;ershov;magaziny;6
Ершов;21447;ershov;proizvodstvo;1
Калининск;16442;kalininsk;kvartiry;47
Калининск;16442;kalininsk;dom;70
Калининск;16442;kalininsk;dachi;122
Калининск;16442;kalininsk;kottedzhi;155
Калининск;16442;kalininsk;taunhaus;942
Калининск;16442;kalininsk;zemlya_izhs;8
Калининск;16442;kalininsk;zemlya_selhoznaznacheniya;1
Калининск;16442;kalininsk;zemlya_promnaznacheniya;3
Калининск;16442;kalininsk;garazhi_m;3
Калининск;16442;kalininsk;ofisy;953
Калининск;16442;kalininsk;pomesh;3
Калининск;16442;kalininsk;sklady;1
Калининск;16442;kalininsk;magaziny;74
Калининск;16442;kalininsk;proizvodstvo;110
Маркс;31535;marks;kvartiry;215
Маркс;31535;marks;dom;234
Маркс;31535;marks;dachi;45
Маркс;31535;marks;kottedzhi;9
Маркс;31535;marks;taunhaus;25
Маркс;31535;marks;zemlya_izhs;68
Маркс;31535;marks;zemlya_selhoznaznacheniya;36
Маркс;31535;marks;zemlya_promnaznacheniya;6
Маркс;31535;marks;garazhi_m;11
Маркс;31535;marks;ofisy;6
Маркс;31535;marks;pomesh;18
Маркс;31535;marks;sklady;1
Маркс;31535;marks;magaziny;11
Маркс;31535;marks;proizvodstvo;6
Новоузенск;17015;novouzensk;kvartiry;7
Новоузенск;17015;novouzensk;dom;12
Новоузенск;17015;novouzensk;dachi;100
Новоузенск;17015;novouzensk;kottedzhi;944
Новоузенск;17015;novouzensk;taunhaus;298
Новоузенск;17015;novouzensk;zemlya_izhs;973
Новоузенск;17015;novouzensk;zemlya_selhoznaznacheniya;6
Новоузенск;17015;novouzensk;zemlya_promnaznacheniya;1
Новоузенск;17015;novouzensk;garazhi_m;1
Новоузенск;17015;novouzensk;ofisy;949
Новоузенск;17015;novouzensk;pomesh;113
Новоузенск;17015;novouzensk;sklady;962
Новоузенск;17015;novouzensk;magaziny;1
Новоузенск;17015;novouzensk;proizvodstvo;935
Петровск;31158;petrovsk;kvartiry;94
Петровск;31158;petrovsk;dom;82
Петровск;31158;petrovsk;dachi;146
Петровск;31158;petrovsk;kottedzhi;2
Петровск;31158;petrovsk;taunhaus;999
Петровск;31158;petrovsk;zemlya_izhs;11
Петровск;31158;petrovsk;zemlya_selhoznaznacheniya;8
Петровск;31158;petrovsk;zemlya_promnaznacheniya;2
Петровск;31158;petrovsk;garazhi_m;6
Петровск;31158;petrovsk;ofisy;2
Петровск;31158;petrovsk;pomesh;10
Петровск;31158;petrovsk;sklady;4
Петровск;31158;petrovsk;magaziny;2
Петровск;31158;petrovsk;proizvodstvo;3
Пугачев;41705;pugachev;kvartiry;126
Пугачев;41705;pugachev;dom;97
Пугачев;41705;pugachev;dachi;5
Пугачев;41705;pugachev;kottedzhi;2
Пугачев;41705;pugachev;taunhaus;132
Пугачев;41705;pugachev;zemlya_izhs;18
Пугачев;41705;pugachev;zemlya_selhoznaznacheniya;5
Пугачев;41705;pugachev;zemlya_promnaznacheniya;1
Пугачев;41705;pugachev;garazhi_m;3
Пугачев;41705;pugachev;ofisy;4
Пугачев;41705;pugachev;pomesh;9
Пугачев;41705;pugachev;sklady;1
Пугачев;41705;pugachev;magaziny;8
Пугачев;41705;pugachev;proizvodstvo;2
Ртищево;41295;rtischevo;kvartiry;128
Ртищево;41295;rtischevo;dom;80
Ртищево;41295;rtischevo;dachi;1
Ртищево;41295;rtischevo;kottedzhi;1
Ртищево;41295;rtischevo;taunhaus;457
Ртищево;41295;rtischevo;zemlya_izhs;26
Ртищево;41295;rtischevo;zemlya_selhoznaznacheniya;1
Ртищево;41295;rtischevo;zemlya_promnaznacheniya;5
Ртищево;41295;rtischevo;garazhi_m;10
Ртищево;41295;rtischevo;ofisy;5
Ртищево;41295;rtischevo;pomesh;13
Ртищево;41295;rtischevo;sklady;1
Ртищево;41295;rtischevo;magaziny;9
Ртищево;41295;rtischevo;proizvodstvo;1
Саратов;836900;saratov;kvartiry;7705
Саратов;836900;saratov;dom;1302
Саратов;836900;saratov;dachi;522
Саратов;836900;saratov;kottedzhi;182
Саратов;836900;saratov;taunhaus;24
Саратов;836900;saratov;zemlya_izhs;565
Саратов;836900;saratov;zemlya_selhoznaznacheniya;480
Саратов;836900;saratov;zemlya_promnaznacheniya;69
Саратов;836900;saratov;garazhi_m;387
Саратов;836900;saratov;ofisy;177
Саратов;836900;saratov;pomesh;323
Саратов;836900;saratov;sklady;55
Саратов;836900;saratov;magaziny;178
Саратов;836900;saratov;proizvodstvo;47
Энгельс;202838;engels;kvartiry;3641
Энгельс;202838;engels;dom;490
Энгельс;202838;engels;dachi;160
Энгельс;202838;engels;kottedzhi;33
Энгельс;202838;engels;taunhaus;16
Энгельс;202838;engels;zemlya_izhs;193
Энгельс;202838;engels;zemlya_selhoznaznacheniya;129
Энгельс;202838;engels;zemlya_promnaznacheniya;18
Энгельс;202838;engels;garazhi_m;127
Энгельс;202838;engels;ofisy;26
Энгельс;202838;engels;pomesh;66
Энгельс;202838;engels;sklady;16
Энгельс;202838;engels;magaziny;45
Энгельс;202838;engels;proizvodstvo;9
Корсаков;33526;korsakov;kvartiry;59
Корсаков;33526;korsakov;dom;6
Корсаков;33526;korsakov;dachi;3
Корсаков;33526;korsakov;kottedzhi;466
Корсаков;33526;korsakov;taunhaus;39
Корсаков;33526;korsakov;zemlya_izhs;15
Корсаков;33526;korsakov;zemlya_selhoznaznacheniya;1
Корсаков;33526;korsakov;zemlya_promnaznacheniya;574
Корсаков;33526;korsakov;garazhi_m;1
Корсаков;33526;korsakov;ofisy;352
Корсаков;33526;korsakov;pomesh;46
Корсаков;33526;korsakov;sklady;672
Корсаков;33526;korsakov;magaziny;735
Корсаков;33526;korsakov;proizvodstvo;625
Оха;23007;oha;kvartiry;6
Оха;23007;oha;dom;133
Оха;23007;oha;dachi;778
Оха;23007;oha;kottedzhi;831
Оха;23007;oha;taunhaus;299
Оха;23007;oha;zemlya_izhs;104
Оха;23007;oha;zemlya_selhoznaznacheniya;177
Оха;23007;oha;zemlya_promnaznacheniya;585
Оха;23007;oha;garazhi_m;162
Оха;23007;oha;ofisy;1
Оха;23007;oha;pomesh;2
Оха;23007;oha;sklady;682
Оха;23007;oha;magaziny;1
Оха;23007;oha;proizvodstvo;1
Поронайск;16461;poronaysk;kvartiry;3
Поронайск;16461;poronaysk;dom;937
Поронайск;16461;poronaysk;dachi;83
Поронайск;16461;poronaysk;kottedzhi;61
Поронайск;16461;poronaysk;taunhaus;46
Поронайск;16461;poronaysk;zemlya_izhs;211
Поронайск;16461;poronaysk;zemlya_selhoznaznacheniya;91
Поронайск;16461;poronaysk;zemlya_promnaznacheniya;575
Поронайск;16461;poronaysk;garazhi_m;91
Поронайск;16461;poronaysk;ofisy;383
Поронайск;16461;poronaysk;pomesh;425
Поронайск;16461;poronaysk;sklady;668
Поронайск;16461;poronaysk;magaziny;753
Поронайск;16461;poronaysk;proizvodstvo;621
Холмск;30936;holmsk;kvartiry;9
Холмск;30936;holmsk;dom;5
Холмск;30936;holmsk;dachi;4
Холмск;30936;holmsk;kottedzhi;458
Холмск;30936;holmsk;taunhaus;993
Холмск;30936;holmsk;zemlya_izhs;5
Холмск;30936;holmsk;zemlya_selhoznaznacheniya;2
Холмск;30936;holmsk;zemlya_promnaznacheniya;563
Холмск;30936;holmsk;garazhi_m;1
Холмск;30936;holmsk;ofisy;346
Холмск;30936;holmsk;pomesh;1
Холмск;30936;holmsk;sklady;1
Холмск;30936;holmsk;magaziny;765
Холмск;30936;holmsk;proizvodstvo;1
Южно-Сахалинск;181727;yuzhno-sahalinsk;kvartiry;978
Южно-Сахалинск;181727;yuzhno-sahalinsk;dom;39
Южно-Сахалинск;181727;yuzhno-sahalinsk;dachi;6
Южно-Сахалинск;181727;yuzhno-sahalinsk;kottedzhi;2
Южно-Сахалинск;181727;yuzhno-sahalinsk;taunhaus;1
Южно-Сахалинск;181727;yuzhno-sahalinsk;zemlya_izhs;31
Южно-Сахалинск;181727;yuzhno-sahalinsk;zemlya_selhoznaznacheniya;51
Южно-Сахалинск;181727;yuzhno-sahalinsk;zemlya_promnaznacheniya;3
Южно-Сахалинск;181727;yuzhno-sahalinsk;garazhi_m;18
Южно-Сахалинск;181727;yuzhno-sahalinsk;ofisy;15
Южно-Сахалинск;181727;yuzhno-sahalinsk;pomesh;28
Южно-Сахалинск;181727;yuzhno-sahalinsk;sklady;6
Южно-Сахалинск;181727;yuzhno-sahalinsk;magaziny;5
Южно-Сахалинск;181727;yuzhno-sahalinsk;proizvodstvo;10
Алапаевск;38198;alapaevsk;kvartiry;234
Алапаевск;38198;alapaevsk;dom;141
Алапаевск;38198;alapaevsk;dachi;26
Алапаевск;38198;alapaevsk;kottedzhi;11
Алапаевск;38198;alapaevsk;taunhaus;897
Алапаевск;38198;alapaevsk;zemlya_izhs;86
Алапаевск;38198;alapaevsk;zemlya_selhoznaznacheniya;17
Алапаевск;38198;alapaevsk;zemlya_promnaznacheniya;2
Алапаевск;38198;alapaevsk;garazhi_m;31
Алапаевск;38198;alapaevsk;ofisy;8
Алапаевск;38198;alapaevsk;pomesh;14
Алапаевск;38198;alapaevsk;sklady;4
Алапаевск;38198;alapaevsk;magaziny;17
Алапаевск;38198;alapaevsk;proizvodstvo;10
Артемовский;32878;sverdlovskaya_oblast_artemovskiy;kvartiry;300
Артемовский;32878;sverdlovskaya_oblast_artemovskiy;dom;102
Артемовский;32878;sverdlovskaya_oblast_artemovskiy;dachi;7
Артемовский;32878;sverdlovskaya_oblast_artemovskiy;kottedzhi;11
Артемовский;32878;sverdlovskaya_oblast_artemovskiy;taunhaus;135
Артемовский;32878;sverdlovskaya_oblast_artemovskiy;zemlya_izhs;63
Артемовский;32878;sverdlovskaya_oblast_artemovskiy;zemlya_selhoznaznacheniya;35
Артемовский;32878;sverdlovskaya_oblast_artemovskiy;zemlya_promnaznacheniya;155
Артемовский;32878;sverdlovskaya_oblast_artemovskiy;garazhi_m;29
Артемовский;32878;sverdlovskaya_oblast_artemovskiy;ofisy;6
Артемовский;32878;sverdlovskaya_oblast_artemovskiy;pomesh;22
Артемовский;32878;sverdlovskaya_oblast_artemovskiy;sklady;6
Артемовский;32878;sverdlovskaya_oblast_artemovskiy;magaziny;16
Артемовский;32878;sverdlovskaya_oblast_artemovskiy;proizvodstvo;5
Асбест;70067;asbest;kvartiry;333
Асбест;70067;asbest;dom;75
Асбест;70067;asbest;dachi;64
Асбест;70067;asbest;kottedzhi;5
Асбест;70067;asbest;taunhaus;210
Асбест;70067;asbest;zemlya_izhs;62
Асбест;70067;asbest;zemlya_selhoznaznacheniya;41
Асбест;70067;asbest;zemlya_promnaznacheniya;6
Асбест;70067;asbest;garazhi_m;41
Асбест;70067;asbest;ofisy;13
Асбест;70067;asbest;pomesh;33
Асбест;70067;asbest;sklady;5
Асбест;70067;asbest;magaziny;29
Асбест;70067;asbest;proizvodstvo;7
Богданович;31752;bogdanovich;kvartiry;160
Богданович;31752;bogdanovich;dom;114
Богданович;31752;bogdanovich;dachi;30
Богданович;31752;bogdanovich;kottedzhi;15
Богданович;31752;bogdanovich;taunhaus;1
Богданович;31752;bogdanovich;zemlya_izhs;118
Богданович;31752;bogdanovich;zemlya_selhoznaznacheniya;36
Богданович;31752;bogdanovich;zemlya_promnaznacheniya;861
Богданович;31752;bogdanovich;garazhi_m;25
Богданович;31752;bogdanovich;ofisy;2
Богданович;31752;bogdanovich;pomesh;11
Богданович;31752;bogdanovich;sklady;7
Богданович;31752;bogdanovich;magaziny;3
Богданович;31752;bogdanovich;proizvodstvo;7
Верхняя Пышма;58707;verhnyaya_pyshma;kvartiry;1643
Верхняя Пышма;58707;verhnyaya_pyshma;dom;113
Верхняя Пышма;58707;verhnyaya_pyshma;dachi;63
Верхняя Пышма;58707;verhnyaya_pyshma;kottedzhi;28
Верхняя Пышма;58707;verhnyaya_pyshma;taunhaus;1
Верхняя Пышма;58707;verhnyaya_pyshma;zemlya_izhs;36
Верхняя Пышма;58707;verhnyaya_pyshma;zemlya_selhoznaznacheniya;55
Верхняя Пышма;58707;verhnyaya_pyshma;zemlya_promnaznacheniya;13
Верхняя Пышма;58707;verhnyaya_pyshma;garazhi_m;89
Верхняя Пышма;58707;verhnyaya_pyshma;ofisy;28
Верхняя Пышма;58707;verhnyaya_pyshma;pomesh;19
Верхняя Пышма;58707;verhnyaya_pyshma;sklady;1
Верхняя Пышма;58707;verhnyaya_pyshma;magaziny;15
Верхняя Пышма;58707;verhnyaya_pyshma;proizvodstvo;96
Верхняя Салда;46240;verhnyaya_salda;kvartiry;199
Верхняя Салда;46240;verhnyaya_salda;dom;79
Верхняя Салда;46240;verhnyaya_salda;dachi;48
Верхняя Салда;46240;verhnyaya_salda;kottedzhi;4
Верхняя Салда;46240;verhnyaya_salda;taunhaus;983
Верхняя Салда;46240;verhnyaya_salda;zemlya_izhs;40
Верхняя Салда;46240;verhnyaya_salda;zemlya_selhoznaznacheniya;17
Верхняя Салда;46240;verhnyaya_salda;zemlya_promnaznacheniya;1
Верхняя Салда;46240;verhnyaya_salda;garazhi_m;37
Верхняя Салда;46240;verhnyaya_salda;ofisy;3
Верхняя Салда;46240;verhnyaya_salda;pomesh;8
Верхняя Салда;46240;verhnyaya_salda;sklady;4
Верхняя Салда;46240;verhnyaya_salda;magaziny;8
Верхняя Салда;46240;verhnyaya_salda;proizvodstvo;4
Дегтярск;15521;degtyarsk;kvartiry;64
Дегтярск;15521;degtyarsk;dom;97
Дегтярск;15521;degtyarsk;dachi;22
Дегтярск;15521;degtyarsk;kottedzhi;13
Дегтярск;15521;degtyarsk;taunhaus;837
Дегтярск;15521;degtyarsk;zemlya_izhs;136
Дегтярск;15521;degtyarsk;zemlya_selhoznaznacheniya;41
Дегтярск;15521;degtyarsk;zemlya_promnaznacheniya;7
Дегтярск;15521;degtyarsk;garazhi_m;7
Дегтярск;15521;degtyarsk;ofisy;1
Дегтярск;15521;degtyarsk;pomesh;6
Дегтярск;15521;degtyarsk;sklady;48
Дегтярск;15521;degtyarsk;magaziny;3
Дегтярск;15521;degtyarsk;proizvodstvo;2
Екатеринбург;1377738;ekaterinburg;kvartiry;54769
Екатеринбург;1377738;ekaterinburg;dom;1523
Екатеринбург;1377738;ekaterinburg;dachi;465
Екатеринбург;1377738;ekaterinburg;kottedzhi;441
Екатеринбург;1377738;ekaterinburg;taunhaus;49
Екатеринбург;1377738;ekaterinburg;zemlya_izhs;762
Екатеринбург;1377738;ekaterinburg;zemlya_selhoznaznacheniya;668
Екатеринбург;1377738;ekaterinburg;zemlya_promnaznacheniya;147
Екатеринбург;1377738;ekaterinburg;garazhi_m;3116
Екатеринбург;1377738;ekaterinburg;ofisy;668
Екатеринбург;1377738;ekaterinburg;pomesh;750
Екатеринбург;1377738;ekaterinburg;sklady;220
Екатеринбург;1377738;ekaterinburg;magaziny;535
Екатеринбург;1377738;ekaterinburg;proizvodstvo;131
Ивдель;17764;ivdel;kvartiry;53
Ивдель;17764;ivdel;dom;21
Ивдель;17764;ivdel;dachi;2
Ивдель;17764;ivdel;kottedzhi;2
Ивдель;17764;ivdel;taunhaus;20
Ивдель;17764;ivdel;zemlya_izhs;14
Ивдель;17764;ivdel;zemlya_selhoznaznacheniya;1
Ивдель;17764;ivdel;zemlya_promnaznacheniya;1
Ивдель;17764;ivdel;garazhi_m;7
Ивдель;17764;ivdel;ofisy;1
Ивдель;17764;ivdel;pomesh;2
Ивдель;17764;ivdel;sklady;99
Ивдель;17764;ivdel;magaziny;1
Ивдель;17764;ivdel;proizvodstvo;837
Ирбит;38352;irbit;kvartiry;267
Ирбит;38352;irbit;dom;119
Ирбит;38352;irbit;dachi;5
Ирбит;38352;irbit;kottedzhi;4
Ирбит;38352;irbit;taunhaus;958
Ирбит;38352;irbit;zemlya_izhs;72
Ирбит;38352;irbit;zemlya_selhoznaznacheniya;15
Ирбит;38352;irbit;zemlya_promnaznacheniya;2
Ирбит;38352;irbit;garazhi_m;39
Ирбит;38352;irbit;ofisy;7
Ирбит;38352;irbit;pomesh;11
Ирбит;38352;irbit;sklady;3
Ирбит;38352;irbit;magaziny;9
Ирбит;38352;irbit;proizvodstvo;5
Каменск-Уральский;174710;kamensk-uralskiy;kvartiry;1670
Каменск-Уральский;174710;kamensk-uralskiy;dom;433
Каменск-Уральский;174710;kamensk-uralskiy;dachi;118
Каменск-Уральский;174710;kamensk-uralskiy;kottedzhi;27
Каменск-Уральский;174710;kamensk-uralskiy;taunhaus;7
Каменск-Уральский;174710;kamensk-uralskiy;zemlya_izhs;388
Каменск-Уральский;174710;kamensk-uralskiy;zemlya_selhoznaznacheniya;270
Каменск-Уральский;174710;kamensk-uralskiy;zemlya_promnaznacheniya;14
Каменск-Уральский;174710;kamensk-uralskiy;garazhi_m;199
Каменск-Уральский;174710;kamensk-uralskiy;ofisy;19
Каменск-Уральский;174710;kamensk-uralskiy;pomesh;43
Каменск-Уральский;174710;kamensk-uralskiy;sklady;10
Каменск-Уральский;174710;kamensk-uralskiy;magaziny;40
Каменск-Уральский;174710;kamensk-uralskiy;proizvodstvo;22
Камышлов;26875;kamyshlov;kvartiry;176
Камышлов;26875;kamyshlov;dom;71
Камышлов;26875;kamyshlov;dachi;10
Камышлов;26875;kamyshlov;kottedzhi;2
Камышлов;26875;kamyshlov;taunhaus;974
Камышлов;26875;kamyshlov;zemlya_izhs;39
Камышлов;26875;kamyshlov;zemlya_selhoznaznacheniya;13
Камышлов;26875;kamyshlov;zemlya_promnaznacheniya;246
Камышлов;26875;kamyshlov;garazhi_m;15
Камышлов;26875;kamyshlov;ofisy;1
Камышлов;26875;kamyshlov;pomesh;13
Камышлов;26875;kamyshlov;sklady;2
Камышлов;26875;kamyshlov;magaziny;10
Камышлов;26875;kamyshlov;proizvodstvo;8
Карпинск;29118;karpinsk;kvartiry;188
Карпинск;29118;karpinsk;dom;62
Карпинск;29118;karpinsk;dachi;13
Карпинск;29118;karpinsk;kottedzhi;3
Карпинск;29118;karpinsk;taunhaus;283
Карпинск;29118;karpinsk;zemlya_izhs;16
Карпинск;29118;karpinsk;zemlya_selhoznaznacheniya;8
Карпинск;29118;karpinsk;zemlya_promnaznacheniya;1
Карпинск;29118;karpinsk;garazhi_m;22
Карпинск;29118;karpinsk;ofisy;4
Карпинск;29118;karpinsk;pomesh;5
Карпинск;29118;karpinsk;sklady;972
Карпинск;29118;karpinsk;magaziny;5
Карпинск;29118;karpinsk;proizvodstvo;932
Качканар;42563;kachkanar;kvartiry;332
Качканар;42563;kachkanar;dom;64
Качканар;42563;kachkanar;dachi;32
Качканар;42563;kachkanar;kottedzhi;4
Качканар;42563;kachkanar;taunhaus;538
Качканар;42563;kachkanar;zemlya_izhs;35
Качканар;42563;kachkanar;zemlya_selhoznaznacheniya;17
Качканар;42563;kachkanar;zemlya_promnaznacheniya;2
Качканар;42563;kachkanar;garazhi_m;33
Качканар;42563;kachkanar;ofisy;8
Качканар;42563;kachkanar;pomesh;33
Качканар;42563;kachkanar;sklady;4
Качканар;42563;kachkanar;magaziny;19
Качканар;42563;kachkanar;proizvodstvo;3
Кировград;21959;kirovgrad;kvartiry;163
Кировград;21959;kirovgrad;dom;23
Кировград;21959;kirovgrad;dachi;6
Кировград;21959;kirovgrad;kottedzhi;2
Кировград;21959;kirovgrad;taunhaus;922
Кировград;21959;kirovgrad;zemlya_izhs;20
Кировград;21959;kirovgrad;zemlya_selhoznaznacheniya;14
Кировград;21959;kirovgrad;zemlya_promnaznacheniya;2
Кировград;21959;kirovgrad;garazhi_m;7
Кировград;21959;kirovgrad;ofisy;4
Кировград;21959;kirovgrad;pomesh;9
Кировград;21959;kirovgrad;sklady;1
Кировград;21959;kirovgrad;magaziny;3
Кировград;21959;kirovgrad;proizvodstvo;1
Краснотурьинск;59701;krasnoturinsk;kvartiry;899
Краснотурьинск;59701;krasnoturinsk;dom;66
Краснотурьинск;59701;krasnoturinsk;dachi;60
Краснотурьинск;59701;krasnoturinsk;kottedzhi;10
Краснотурьинск;59701;krasnoturinsk;taunhaus;885
Краснотурьинск;59701;krasnoturinsk;zemlya_izhs;41
Краснотурьинск;59701;krasnoturinsk;zemlya_selhoznaznacheniya;29
Краснотурьинск;59701;krasnoturinsk;zemlya_promnaznacheniya;1
Краснотурьинск;59701;krasnoturinsk;garazhi_m;54
Краснотурьинск;59701;krasnoturinsk;ofisy;7
Краснотурьинск;59701;krasnoturinsk;pomesh;13
Краснотурьинск;59701;krasnoturinsk;sklady;4
Краснотурьинск;59701;krasnoturinsk;magaziny;6
Краснотурьинск;59701;krasnoturinsk;proizvodstvo;7
Красноуральск;24973;krasnouralsk;kvartiry;118
Красноуральск;24973;krasnouralsk;dom;22
Красноуральск;24973;krasnouralsk;dachi;4
Красноуральск;24973;krasnouralsk;kottedzhi;998
Красноуральск;24973;krasnouralsk;taunhaus;967
Красноуральск;24973;krasnouralsk;zemlya_izhs;28
Красноуральск;24973;krasnouralsk;zemlya_selhoznaznacheniya;9
Красноуральск;24973;krasnouralsk;zemlya_promnaznacheniya;83
Красноуральск;24973;krasnouralsk;garazhi_m;9
Красноуральск;24973;krasnouralsk;ofisy;3
Красноуральск;24973;krasnouralsk;pomesh;10
Красноуральск;24973;krasnouralsk;sklady;2
Красноуральск;24973;krasnouralsk;magaziny;8
Красноуральск;24973;krasnouralsk;proizvodstvo;3
Красноуфимск;39765;krasnoufimsk;kvartiry;87
Красноуфимск;39765;krasnoufimsk;dom;105
Красноуфимск;39765;krasnoufimsk;dachi;6
Красноуфимск;39765;krasnoufimsk;kottedzhi;11
Красноуфимск;39765;krasnoufimsk;taunhaus;325
Красноуфимск;39765;krasnoufimsk;zemlya_izhs;95
Красноуфимск;39765;krasnoufimsk;zemlya_selhoznaznacheniya;35
Красноуфимск;39765;krasnoufimsk;zemlya_promnaznacheniya;1
Красноуфимск;39765;krasnoufimsk;garazhi_m;25
Красноуфимск;39765;krasnoufimsk;ofisy;2
Красноуфимск;39765;krasnoufimsk;pomesh;11
Красноуфимск;39765;krasnoufimsk;sklady;7
Красноуфимск;39765;krasnoufimsk;magaziny;8
Красноуфимск;39765;krasnoufimsk;proizvodstvo;4
Кушва;33027;kushva;kvartiry;133
Кушва;33027;kushva;dom;51
Кушва;33027;kushva;dachi;14
Кушва;33027;kushva;kottedzhi;2
Кушва;33027;kushva;taunhaus;977
Кушва;33027;kushva;zemlya_izhs;18
Кушва;33027;kushva;zemlya_selhoznaznacheniya;14
Кушва;33027;kushva;zemlya_promnaznacheniya;2
Кушва;33027;kushva;garazhi_m;19
Кушва;33027;kushva;ofisy;4
Кушва;33027;kushva;pomesh;15
Кушва;33027;kushva;sklady;1
Кушва;33027;kushva;magaziny;14
Кушва;33027;kushva;proizvodstvo;2
Лесной;52464;sverdlovskaya_oblast_lesnoy;kvartiry;284
Лесной;52464;sverdlovskaya_oblast_lesnoy;dom;54
Лесной;52464;sverdlovskaya_oblast_lesnoy;dachi;45
Лесной;52464;sverdlovskaya_oblast_lesnoy;kottedzhi;1
Лесной;52464;sverdlovskaya_oblast_lesnoy;taunhaus;856
Лесной;52464;sverdlovskaya_oblast_lesnoy;zemlya_izhs;16
Лесной;52464;sverdlovskaya_oblast_lesnoy;zemlya_selhoznaznacheniya;27
Лесной;52464;sverdlovskaya_oblast_lesnoy;zemlya_promnaznacheniya;93
Лесной;52464;sverdlovskaya_oblast_lesnoy;garazhi_m;40
Лесной;52464;sverdlovskaya_oblast_lesnoy;ofisy;3
Лесной;52464;sverdlovskaya_oblast_lesnoy;pomesh;4
Лесной;52464;sverdlovskaya_oblast_lesnoy;sklady;4
Лесной;52464;sverdlovskaya_oblast_lesnoy;magaziny;3
Лесной;52464;sverdlovskaya_oblast_lesnoy;proizvodstvo;4
Невьянск;25147;nevyansk;kvartiry;193
Невьянск;25147;nevyansk;dom;135
Невьянск;25147;nevyansk;dachi;30
Невьянск;25147;nevyansk;kottedzhi;13
Невьянск;25147;nevyansk;taunhaus;1
Невьянск;25147;nevyansk;zemlya_izhs;113
Невьянск;25147;nevyansk;zemlya_selhoznaznacheniya;37
Невьянск;25147;nevyansk;zemlya_promnaznacheniya;175
Невьянск;25147;nevyansk;garazhi_m;8
Невьянск;25147;nevyansk;ofisy;4
Невьянск;25147;nevyansk;pomesh;11
Невьянск;25147;nevyansk;sklady;5
Невьянск;25147;nevyansk;magaziny;9
Невьянск;25147;nevyansk;proizvodstvo;7
Нижний Тагил;361883;nizhniy_tagil;kvartiry;3148
Нижний Тагил;361883;nizhniy_tagil;dom;395
Нижний Тагил;361883;nizhniy_tagil;dachi;231
Нижний Тагил;361883;nizhniy_tagil;kottedzhi;54
Нижний Тагил;361883;nizhniy_tagil;taunhaus;1
Нижний Тагил;361883;nizhniy_tagil;zemlya_izhs;201
Нижний Тагил;361883;nizhniy_tagil;zemlya_selhoznaznacheniya;151
Нижний Тагил;361883;nizhniy_tagil;zemlya_promnaznacheniya;14
Нижний Тагил;361883;nizhniy_tagil;garazhi_m;355
Нижний Тагил;361883;nizhniy_tagil;ofisy;73
Нижний Тагил;361883;nizhniy_tagil;pomesh;143
Нижний Тагил;361883;nizhniy_tagil;sklady;31
Нижний Тагил;361883;nizhniy_tagil;magaziny;90
Нижний Тагил;361883;nizhniy_tagil;proizvodstvo;30
Нижняя Салда;17969;nizhnyaya_salda;kvartiry;46
Нижняя Салда;17969;nizhnyaya_salda;dom;66
Нижняя Салда;17969;nizhnyaya_salda;dachi;7
Нижняя Салда;17969;nizhnyaya_salda;kottedzhi;1
Нижняя Салда;17969;nizhnyaya_salda;taunhaus;895
Нижняя Салда;17969;nizhnyaya_salda;zemlya_izhs;25
Нижняя Салда;17969;nizhnyaya_salda;zemlya_selhoznaznacheniya;2
Нижняя Салда;17969;nizhnyaya_salda;zemlya_promnaznacheniya;1
Нижняя Салда;17969;nizhnyaya_salda;garazhi_m;5
Нижняя Салда;17969;nizhnyaya_salda;ofisy;6
Нижняя Салда;17969;nizhnyaya_salda;pomesh;4
Нижняя Салда;17969;nizhnyaya_salda;sklady;1
Нижняя Салда;17969;nizhnyaya_salda;magaziny;5
Нижняя Салда;17969;nizhnyaya_salda;proizvodstvo;105
Нижняя Тура;21596;nizhnyaya_tura;kvartiry;208
Нижняя Тура;21596;nizhnyaya_tura;dom;39
Нижняя Тура;21596;nizhnyaya_tura;dachi;13
Нижняя Тура;21596;nizhnyaya_tura;kottedzhi;4
Нижняя Тура;21596;nizhnyaya_tura;taunhaus;866
Нижняя Тура;21596;nizhnyaya_tura;zemlya_izhs;33
Нижняя Тура;21596;nizhnyaya_tura;zemlya_selhoznaznacheniya;18
Нижняя Тура;21596;nizhnyaya_tura;zemlya_promnaznacheniya;215
Нижняя Тура;21596;nizhnyaya_tura;garazhi_m;17
Нижняя Тура;21596;nizhnyaya_tura;ofisy;4
Нижняя Тура;21596;nizhnyaya_tura;pomesh;30
Нижняя Тура;21596;nizhnyaya_tura;sklady;1
Нижняя Тура;21596;nizhnyaya_tura;magaziny;16
Нижняя Тура;21596;nizhnyaya_tura;proizvodstvo;1
Новоуральск;91813;novouralsk;kvartiry;442
Новоуральск;91813;novouralsk;dom;109
Новоуральск;91813;novouralsk;dachi;50
Новоуральск;91813;novouralsk;kottedzhi;23
Новоуральск;91813;novouralsk;taunhaus;874
Новоуральск;91813;novouralsk;zemlya_izhs;52
Новоуральск;91813;novouralsk;zemlya_selhoznaznacheniya;52
Новоуральск;91813;novouralsk;zemlya_promnaznacheniya;3
Новоуральск;91813;novouralsk;garazhi_m;55
Новоуральск;91813;novouralsk;ofisy;15
Новоуральск;91813;novouralsk;pomesh;42
Новоуральск;91813;novouralsk;sklady;9
Новоуральск;91813;novouralsk;magaziny;26
Новоуральск;91813;novouralsk;proizvodstvo;18
Первоуральск;149800;pervouralsk;kvartiry;833
Первоуральск;149800;pervouralsk;dom;172
Первоуральск;149800;pervouralsk;dachi;92
Первоуральск;149800;pervouralsk;kottedzhi;50
Первоуральск;149800;pervouralsk;taunhaus;948
Первоуральск;149800;pervouralsk;zemlya_izhs;57
Первоуральск;149800;pervouralsk;zemlya_selhoznaznacheniya;84
Первоуральск;149800;pervouralsk;zemlya_promnaznacheniya;7
Первоуральск;149800;pervouralsk;garazhi_m;93
Первоуральск;149800;pervouralsk;ofisy;26
Первоуральск;149800;pervouralsk;pomesh;49
Первоуральск;149800;pervouralsk;sklady;5
Первоуральск;149800;pervouralsk;magaziny;37
Первоуральск;149800;pervouralsk;proizvodstvo;7
Полевской;64316;polevskoy;kvartiry;256
Полевской;64316;polevskoy;dom;230
Полевской;64316;polevskoy;dachi;118
Полевской;64316;polevskoy;kottedzhi;27
Полевской;64316;polevskoy;taunhaus;2
Полевской;64316;polevskoy;zemlya_izhs;139
Полевской;64316;polevskoy;zemlya_selhoznaznacheniya;133
Полевской;64316;polevskoy;zemlya_promnaznacheniya;18
Полевской;64316;polevskoy;garazhi_m;41
Полевской;64316;polevskoy;ofisy;11
Полевской;64316;polevskoy;pomesh;39
Полевской;64316;polevskoy;sklady;7
Полевской;64316;polevskoy;magaziny;17
Полевской;64316;polevskoy;proizvodstvo;14
Ревда;61713;sverdlovskaya_oblast_revda;kvartiry;431
Ревда;61713;sverdlovskaya_oblast_revda;dom;136
Ревда;61713;sverdlovskaya_oblast_revda;dachi;97
Ревда;61713;sverdlovskaya_oblast_revda;kottedzhi;20
Ревда;61713;sverdlovskaya_oblast_revda;taunhaus;860
Ревда;61713;sverdlovskaya_oblast_revda;zemlya_izhs;222
Ревда;61713;sverdlovskaya_oblast_revda;zemlya_selhoznaznacheniya;137
Ревда;61713;sverdlovskaya_oblast_revda;zemlya_promnaznacheniya;2
Ревда;61713;sverdlovskaya_oblast_revda;garazhi_m;30
Ревда;61713;sverdlovskaya_oblast_revda;ofisy;8
Ревда;61713;sverdlovskaya_oblast_revda;pomesh;9
Ревда;61713;sverdlovskaya_oblast_revda;sklady;1
Ревда;61713;sverdlovskaya_oblast_revda;magaziny;11
Ревда;61713;sverdlovskaya_oblast_revda;proizvodstvo;2
Реж;38709;rezh;kvartiry;210
Реж;38709;rezh;dom;163
Реж;38709;rezh;dachi;42
Реж;38709;rezh;kottedzhi;10
Реж;38709;rezh;taunhaus;897
Реж;38709;rezh;zemlya_izhs;117
Реж;38709;rezh;zemlya_selhoznaznacheniya;55
Реж;38709;rezh;zemlya_promnaznacheniya;3
Реж;38709;rezh;garazhi_m;36
Реж;38709;rezh;ofisy;9
Реж;38709;rezh;pomesh;21
Реж;38709;rezh;sklady;5
Реж;38709;rezh;magaziny;18
Реж;38709;rezh;proizvodstvo;8
Североуральск;29279;severouralsk;kvartiry;153
Североуральск;29279;severouralsk;dom;35
Североуральск;29279;severouralsk;dachi;20
Североуральск;29279;severouralsk;kottedzhi;2
Североуральск;29279;severouralsk;taunhaus;998
Североуральск;29279;severouralsk;zemlya_izhs;10
Североуральск;29279;severouralsk;zemlya_selhoznaznacheniya;2
Североуральск;29279;severouralsk;zemlya_promnaznacheniya;2
Североуральск;29279;severouralsk;garazhi_m;23
Североуральск;29279;severouralsk;ofisy;5
Североуральск;29279;severouralsk;pomesh;4
Североуральск;29279;severouralsk;sklady;3
Североуральск;29279;severouralsk;magaziny;16
Североуральск;29279;severouralsk;proizvodstvo;5
Серов;99381;serov;kvartiry;503
Серов;99381;serov;dom;130
Серов;99381;serov;dachi;60
Серов;99381;serov;kottedzhi;18
Серов;99381;serov;taunhaus;1
Серов;99381;serov;zemlya_izhs;92
Серов;99381;serov;zemlya_selhoznaznacheniya;44
Серов;99381;serov;zemlya_promnaznacheniya;3
Серов;99381;serov;garazhi_m;71
Серов;99381;serov;ofisy;11
Серов;99381;serov;pomesh;12
Серов;99381;serov;sklady;7
Серов;99381;serov;magaziny;16
Серов;99381;serov;proizvodstvo;5
Среднеуральск;20357;sredneuralsk;kvartiry;209
Среднеуральск;20357;sredneuralsk;dom;117
Среднеуральск;20357;sredneuralsk;dachi;57
Среднеуральск;20357;sredneuralsk;kottedzhi;37
Среднеуральск;20357;sredneuralsk;taunhaus;5
Среднеуральск;20357;sredneuralsk;zemlya_izhs;65
Среднеуральск;20357;sredneuralsk;zemlya_selhoznaznacheniya;68
Среднеуральск;20357;sredneuralsk;zemlya_promnaznacheniya;3
Среднеуральск;20357;sredneuralsk;garazhi_m;4
Среднеуральск;20357;sredneuralsk;ofisy;2
Среднеуральск;20357;sredneuralsk;pomesh;6
Среднеуральск;20357;sredneuralsk;sklady;2
Среднеуральск;20357;sredneuralsk;magaziny;2
Среднеуральск;20357;sredneuralsk;proizvodstvo;4
Сухой Лог;34836;suhoy_log;kvartiry;226
Сухой Лог;34836;suhoy_log;dom;73
Сухой Лог;34836;suhoy_log;dachi;14
Сухой Лог;34836;suhoy_log;kottedzhi;5
Сухой Лог;34836;suhoy_log;taunhaus;981
Сухой Лог;34836;suhoy_log;zemlya_izhs;69
Сухой Лог;34836;suhoy_log;zemlya_selhoznaznacheniya;16
Сухой Лог;34836;suhoy_log;zemlya_promnaznacheniya;1
Сухой Лог;34836;suhoy_log;garazhi_m;32
Сухой Лог;34836;suhoy_log;ofisy;4
Сухой Лог;34836;suhoy_log;pomesh;10
Сухой Лог;34836;suhoy_log;sklady;4
Сухой Лог;34836;suhoy_log;magaziny;9
Сухой Лог;34836;suhoy_log;proizvodstvo;6
Сысерть;20594;sysert;kvartiry;141
Сысерть;20594;sysert;dom;389
Сысерть;20594;sysert;dachi;26
Сысерть;20594;sysert;kottedzhi;191
Сысерть;20594;sysert;taunhaus;2
Сысерть;20594;sysert;zemlya_izhs;182
Сысерть;20594;sysert;zemlya_selhoznaznacheniya;80
Сысерть;20594;sysert;zemlya_promnaznacheniya;16
Сысерть;20594;sysert;garazhi_m;10
Сысерть;20594;sysert;ofisy;9
Сысерть;20594;sysert;pomesh;28
Сысерть;20594;sysert;sklady;8
Сысерть;20594;sysert;magaziny;17
Сысерть;20594;sysert;proizvodstvo;4
Тавда;35421;tavda;kvartiry;130
Тавда;35421;tavda;dom;87
Тавда;35421;tavda;dachi;18
Тавда;35421;tavda;kottedzhi;2
Тавда;35421;tavda;taunhaus;906
Тавда;35421;tavda;zemlya_izhs;54
Тавда;35421;tavda;zemlya_selhoznaznacheniya;8
Тавда;35421;tavda;zemlya_promnaznacheniya;1
Тавда;35421;tavda;garazhi_m;17
Тавда;35421;tavda;ofisy;4
Тавда;35421;tavda;pomesh;6
Тавда;35421;tavda;sklady;196
Тавда;35421;tavda;magaziny;5
Тавда;35421;tavda;proizvodstvo;1
Талица;18339;talitsa;kvartiry;99
Талица;18339;talitsa;dom;72
Талица;18339;talitsa;dachi;6
Талица;18339;talitsa;kottedzhi;4
Талица;18339;talitsa;taunhaus;1
Талица;18339;talitsa;zemlya_izhs;36
Талица;18339;talitsa;zemlya_selhoznaznacheniya;5
Талица;18339;talitsa;zemlya_promnaznacheniya;206
Талица;18339;talitsa;garazhi_m;9
Талица;18339;talitsa;ofisy;5
Талица;18339;talitsa;pomesh;4
Талица;18339;talitsa;sklady;175
Талица;18339;talitsa;magaziny;8
Талица;18339;talitsa;proizvodstvo;248
Туринск;17990;turinsk;kvartiry;82
Туринск;17990;turinsk;dom;41
Туринск;17990;turinsk;dachi;1
Туринск;17990;turinsk;kottedzhi;3
Туринск;17990;turinsk;taunhaus;899
Туринск;17990;turinsk;zemlya_izhs;13
Туринск;17990;turinsk;zemlya_selhoznaznacheniya;2
Туринск;17990;turinsk;zemlya_promnaznacheniya;218
Туринск;17990;turinsk;garazhi_m;8
Туринск;17990;turinsk;ofisy;3
Туринск;17990;turinsk;pomesh;7
Туринск;17990;turinsk;sklady;168
Туринск;17990;turinsk;magaziny;9
Туринск;17990;turinsk;proizvodstvo;1
Алагир;20949;alagir;kvartiry;134
Алагир;20949;alagir;dom;101
Алагир;20949;alagir;dachi;13
Алагир;20949;alagir;kottedzhi;14
Алагир;20949;alagir;taunhaus;3
Алагир;20949;alagir;zemlya_izhs;266
Алагир;20949;alagir;zemlya_selhoznaznacheniya;57
Алагир;20949;alagir;zemlya_promnaznacheniya;5
Алагир;20949;alagir;garazhi_m;4
Алагир;20949;alagir;ofisy;3
Алагир;20949;alagir;pomesh;5
Алагир;20949;alagir;sklady;3
Алагир;20949;alagir;magaziny;5
Алагир;20949;alagir;proizvodstvo;1
Ардон;18774;ardon;kvartiry;30
Ардон;18774;ardon;dom;86
Ардон;18774;ardon;dachi;790
Ардон;18774;ardon;kottedzhi;1
Ардон;18774;ardon;taunhaus;185
Ардон;18774;ardon;zemlya_izhs;39
Ардон;18774;ardon;zemlya_selhoznaznacheniya;14
Ардон;18774;ardon;zemlya_promnaznacheniya;5
Ардон;18774;ardon;garazhi_m;944
Ардон;18774;ardon;ofisy;1
Ардон;18774;ardon;pomesh;6
Ардон;18774;ardon;sklady;1
Ардон;18774;ardon;magaziny;2
Ардон;18774;ardon;proizvodstvo;1
Беслан;36724;beslan;kvartiry;124
Беслан;36724;beslan;dom;122
Беслан;36724;beslan;dachi;2
Беслан;36724;beslan;kottedzhi;2
Беслан;36724;beslan;taunhaus;158
Беслан;36724;beslan;zemlya_izhs;88
Беслан;36724;beslan;zemlya_selhoznaznacheniya;42
Беслан;36724;beslan;zemlya_promnaznacheniya;7
Беслан;36724;beslan;garazhi_m;17
Беслан;36724;beslan;ofisy;948
Беслан;36724;beslan;pomesh;11
Беслан;36724;beslan;sklady;1
Беслан;36724;beslan;magaziny;6
Беслан;36724;beslan;proizvodstvo;1
Владикавказ;311635;vladikavkaz;kvartiry;4618
Владикавказ;311635;vladikavkaz;dom;605
Владикавказ;311635;vladikavkaz;dachi;22
Владикавказ;311635;vladikavkaz;kottedzhi;3
Владикавказ;311635;vladikavkaz;taunhaus;1
Владикавказ;311635;vladikavkaz;zemlya_izhs;395
Владикавказ;311635;vladikavkaz;zemlya_selhoznaznacheniya;302
Владикавказ;311635;vladikavkaz;zemlya_promnaznacheniya;23
Владикавказ;311635;vladikavkaz;garazhi_m;222
Владикавказ;311635;vladikavkaz;ofisy;44
Владикавказ;311635;vladikavkaz;pomesh;126
Владикавказ;311635;vladikavkaz;sklady;8
Владикавказ;311635;vladikavkaz;magaziny;85
Владикавказ;311635;vladikavkaz;proizvodstvo;16
Моздок;38748;mozdok;kvartiry;507
Моздок;38748;mozdok;dom;178
Моздок;38748;mozdok;dachi;43
Моздок;38748;mozdok;kottedzhi;41
Моздок;38748;mozdok;taunhaus;1
Моздок;38748;mozdok;zemlya_izhs;53
Моздок;38748;mozdok;zemlya_selhoznaznacheniya;46
Моздок;38748;mozdok;zemlya_promnaznacheniya;5
Моздок;38748;mozdok;garazhi_m;28
Моздок;38748;mozdok;ofisy;7
Моздок;38748;mozdok;pomesh;18
Моздок;38748;mozdok;sklady;1
Моздок;38748;mozdok;magaziny;11
Моздок;38748;mozdok;proizvodstvo;4
Вязьма;57103;vyazma;kvartiry;426
Вязьма;57103;vyazma;dom;221
Вязьма;57103;vyazma;dachi;84
Вязьма;57103;vyazma;kottedzhi;5
Вязьма;57103;vyazma;taunhaus;1
Вязьма;57103;vyazma;zemlya_izhs;291
Вязьма;57103;vyazma;zemlya_selhoznaznacheniya;98
Вязьма;57103;vyazma;zemlya_promnaznacheniya;9
Вязьма;57103;vyazma;garazhi_m;56
Вязьма;57103;vyazma;ofisy;7
Вязьма;57103;vyazma;pomesh;22
Вязьма;57103;vyazma;sklady;8
Вязьма;57103;vyazma;magaziny;17
Вязьма;57103;vyazma;proizvodstvo;9
Гагарин;31721;gagarin;kvartiry;195
Гагарин;31721;gagarin;dom;208
Гагарин;31721;gagarin;dachi;57
Гагарин;31721;gagarin;kottedzhi;7
Гагарин;31721;gagarin;taunhaus;57
Гагарин;31721;gagarin;zemlya_izhs;294
Гагарин;31721;gagarin;zemlya_selhoznaznacheniya;147
Гагарин;31721;gagarin;zemlya_promnaznacheniya;4
Гагарин;31721;gagarin;garazhi_m;27
Гагарин;31721;gagarin;ofisy;2
Гагарин;31721;gagarin;pomesh;8
Гагарин;31721;gagarin;sklady;6
Гагарин;31721;gagarin;magaziny;4
Гагарин;31721;gagarin;proizvodstvo;9
Десногорск;29677;desnogorsk;kvartiry;192
Десногорск;29677;desnogorsk;dom;79
Десногорск;29677;desnogorsk;dachi;40
Десногорск;29677;desnogorsk;kottedzhi;6
Десногорск;29677;desnogorsk;taunhaus;1
Десногорск;29677;desnogorsk;zemlya_izhs;91
Десногорск;29677;desnogorsk;zemlya_selhoznaznacheniya;29
Десногорск;29677;desnogorsk;zemlya_promnaznacheniya;1
Десногорск;29677;desnogorsk;garazhi_m;22
Десногорск;29677;desnogorsk;ofisy;2
Десногорск;29677;desnogorsk;pomesh;5
Десногорск;29677;desnogorsk;sklady;1
Десногорск;29677;desnogorsk;magaziny;7
Десногорск;29677;desnogorsk;proizvodstvo;249
Рославль;54898;roslavl;kvartiry;249
Рославль;54898;roslavl;dom;222
Рославль;54898;roslavl;dachi;12
Рославль;54898;roslavl;kottedzhi;6
Рославль;54898;roslavl;taunhaus;142
Рославль;54898;roslavl;zemlya_izhs;83
Рославль;54898;roslavl;zemlya_selhoznaznacheniya;9
Рославль;54898;roslavl;zemlya_promnaznacheniya;1
Рославль;54898;roslavl;garazhi_m;28
Рославль;54898;roslavl;ofisy;5
Рославль;54898;roslavl;pomesh;10
Рославль;54898;roslavl;sklady;4
Рославль;54898;roslavl;magaziny;8
Рославль;54898;roslavl;proizvodstvo;4
Сафоново;46116;smolenskaya_oblast_safonovo;kvartiry;215
Сафоново;46116;smolenskaya_oblast_safonovo;dom;82
Сафоново;46116;smolenskaya_oblast_safonovo;dachi;14
Сафоново;46116;smolenskaya_oblast_safonovo;kottedzhi;6
Сафоново;46116;smolenskaya_oblast_safonovo;taunhaus;114
Сафоново;46116;smolenskaya_oblast_safonovo;zemlya_izhs;95
Сафоново;46116;smolenskaya_oblast_safonovo;zemlya_selhoznaznacheniya;48
Сафоново;46116;smolenskaya_oblast_safonovo;zemlya_promnaznacheniya;5
Сафоново;46116;smolenskaya_oblast_safonovo;garazhi_m;26
Сафоново;46116;smolenskaya_oblast_safonovo;ofisy;4
Сафоново;46116;smolenskaya_oblast_safonovo;pomesh;10
Сафоново;46116;smolenskaya_oblast_safonovo;sklady;5
Сафоново;46116;smolenskaya_oblast_safonovo;magaziny;7
Сафоново;46116;smolenskaya_oblast_safonovo;proizvodstvo;4
Смоленск;326863;smolensk;kvartiry;5688
Смоленск;326863;smolensk;dom;662
Смоленск;326863;smolensk;dachi;210
Смоленск;326863;smolensk;kottedzhi;116
Смоленск;326863;smolensk;taunhaus;34
Смоленск;326863;smolensk;zemlya_izhs;1068
Смоленск;326863;smolensk;zemlya_selhoznaznacheniya;492
Смоленск;326863;smolensk;zemlya_promnaznacheniya;34
Смоленск;326863;smolensk;garazhi_m;265
Смоленск;326863;smolensk;ofisy;87
Смоленск;326863;smolensk;pomesh;149
Смоленск;326863;smolensk;sklady;26
Смоленск;326863;smolensk;magaziny;89
Смоленск;326863;smolensk;proizvodstvo;32
Ярцево;47853;yartsevo;kvartiry;256
Ярцево;47853;yartsevo;dom;117
Ярцево;47853;yartsevo;dachi;45
Ярцево;47853;yartsevo;kottedzhi;5
Ярцево;47853;yartsevo;taunhaus;2
Ярцево;47853;yartsevo;zemlya_izhs;71
Ярцево;47853;yartsevo;zemlya_selhoznaznacheniya;24
Ярцево;47853;yartsevo;zemlya_promnaznacheniya;16
Ярцево;47853;yartsevo;garazhi_m;26
Ярцево;47853;yartsevo;ofisy;4
Ярцево;47853;yartsevo;pomesh;14
Ярцево;47853;yartsevo;sklady;7
Ярцево;47853;yartsevo;magaziny;7
Ярцево;47853;yartsevo;proizvodstvo;5
Благодарный;32736;blagodarnyy;kvartiry;99
Благодарный;32736;blagodarnyy;dom;151
Благодарный;32736;blagodarnyy;dachi;873
Благодарный;32736;blagodarnyy;kottedzhi;2
Благодарный;32736;blagodarnyy;taunhaus;1
Благодарный;32736;blagodarnyy;zemlya_izhs;24
Благодарный;32736;blagodarnyy;zemlya_selhoznaznacheniya;6
Благодарный;32736;blagodarnyy;zemlya_promnaznacheniya;3
Благодарный;32736;blagodarnyy;garazhi_m;7
Благодарный;32736;blagodarnyy;ofisy;2
Благодарный;32736;blagodarnyy;pomesh;6
Благодарный;32736;blagodarnyy;sklady;3
Благодарный;32736;blagodarnyy;magaziny;3
Благодарный;32736;blagodarnyy;proizvodstvo;4
Буденновск;64628;budennovsk;kvartiry;553
Буденновск;64628;budennovsk;dom;326
Буденновск;64628;budennovsk;dachi;23
Буденновск;64628;budennovsk;kottedzhi;7
Буденновск;64628;budennovsk;taunhaus;138
Буденновск;64628;budennovsk;zemlya_izhs;53
Буденновск;64628;budennovsk;zemlya_selhoznaznacheniya;13
Буденновск;64628;budennovsk;zemlya_promnaznacheniya;7
Буденновск;64628;budennovsk;garazhi_m;49
Буденновск;64628;budennovsk;ofisy;8
Буденновск;64628;budennovsk;pomesh;24
Буденновск;64628;budennovsk;sklady;6
Буденновск;64628;budennovsk;magaziny;25
Буденновск;64628;budennovsk;proizvodstvo;6
Георгиевск;72126;georgievsk;kvartiry;659
Георгиевск;72126;georgievsk;dom;254
Георгиевск;72126;georgievsk;dachi;35
Георгиевск;72126;georgievsk;kottedzhi;2
Георгиевск;72126;georgievsk;taunhaus;2
Георгиевск;72126;georgievsk;zemlya_izhs;82
Георгиевск;72126;georgievsk;zemlya_selhoznaznacheniya;18
Георгиевск;72126;georgievsk;zemlya_promnaznacheniya;3
Георгиевск;72126;georgievsk;garazhi_m;43
Георгиевск;72126;georgievsk;ofisy;5
Георгиевск;72126;georgievsk;pomesh;16
Георгиевск;72126;georgievsk;sklady;5
Георгиевск;72126;georgievsk;magaziny;7
Георгиевск;72126;georgievsk;proizvodstvo;7
Ессентуки;100969;essentuki;kvartiry;5688
Ессентуки;100969;essentuki;dom;772
Ессентуки;100969;essentuki;dachi;40
Ессентуки;100969;essentuki;kottedzhi;3
Ессентуки;100969;essentuki;taunhaus;25
Ессентуки;100969;essentuki;zemlya_izhs;229
Ессентуки;100969;essentuki;zemlya_selhoznaznacheniya;96
Ессентуки;100969;essentuki;zemlya_promnaznacheniya;9
Ессентуки;100969;essentuki;garazhi_m;93
Ессентуки;100969;essentuki;ofisy;26
Ессентуки;100969;essentuki;pomesh;44
Ессентуки;100969;essentuki;sklady;6
Ессентуки;100969;essentuki;magaziny;27
Ессентуки;100969;essentuki;proizvodstvo;1
Железноводск;24496;zheleznovodsk;kvartiry;1521
Железноводск;24496;zheleznovodsk;dom;124
Железноводск;24496;zheleznovodsk;dachi;11
Железноводск;24496;zheleznovodsk;kottedzhi;4
Железноводск;24496;zheleznovodsk;taunhaus;140
Железноводск;24496;zheleznovodsk;zemlya_izhs;157
Железноводск;24496;zheleznovodsk;zemlya_selhoznaznacheniya;76
Железноводск;24496;zheleznovodsk;zemlya_promnaznacheniya;5
Железноводск;24496;zheleznovodsk;garazhi_m;28
Железноводск;24496;zheleznovodsk;ofisy;1
Железноводск;24496;zheleznovodsk;pomesh;8
Железноводск;24496;zheleznovodsk;sklady;949
Железноводск;24496;zheleznovodsk;magaziny;3
Железноводск;24496;zheleznovodsk;proizvodstvo;43
Зеленокумск;35790;zelenokumsk;kvartiry;108
Зеленокумск;35790;zelenokumsk;dom;149
Зеленокумск;35790;zelenokumsk;dachi;4
Зеленокумск;35790;zelenokumsk;kottedzhi;3
Зеленокумск;35790;zelenokumsk;taunhaus;1
Зеленокумск;35790;zelenokumsk;zemlya_izhs;37
Зеленокумск;35790;zelenokumsk;zemlya_selhoznaznacheniya;9
Зеленокумск;35790;zelenokumsk;zemlya_promnaznacheniya;4
Зеленокумск;35790;zelenokumsk;garazhi_m;14
Зеленокумск;35790;zelenokumsk;ofisy;992
Зеленокумск;35790;zelenokumsk;pomesh;3
Зеленокумск;35790;zelenokumsk;sklady;2
Зеленокумск;35790;zelenokumsk;magaziny;2
Зеленокумск;35790;zelenokumsk;proizvodstvo;2
Изобильный;40546;izobilnyy;kvartiry;220
Изобильный;40546;izobilnyy;dom;193
Изобильный;40546;izobilnyy;dachi;6
Изобильный;40546;izobilnyy;kottedzhi;5
Изобильный;40546;izobilnyy;taunhaus;4
Изобильный;40546;izobilnyy;zemlya_izhs;66
Изобильный;40546;izobilnyy;zemlya_selhoznaznacheniya;11
Изобильный;40546;izobilnyy;zemlya_promnaznacheniya;5
Изобильный;40546;izobilnyy;garazhi_m;32
Изобильный;40546;izobilnyy;ofisy;4
Изобильный;40546;izobilnyy;pomesh;12
Изобильный;40546;izobilnyy;sklady;6
Изобильный;40546;izobilnyy;magaziny;16
Изобильный;40546;izobilnyy;proizvodstvo;4
Ипатово;26055;ipatovo;kvartiry;98
Ипатово;26055;ipatovo;dom;199
Ипатово;26055;ipatovo;dachi;31
Ипатово;26055;ipatovo;kottedzhi;131
Ипатово;26055;ipatovo;taunhaus;198
Ипатово;26055;ipatovo;zemlya_izhs;42
Ипатово;26055;ipatovo;zemlya_selhoznaznacheniya;2
Ипатово;26055;ipatovo;zemlya_promnaznacheniya;2
Ипатово;26055;ipatovo;garazhi_m;14
Ипатово;26055;ipatovo;ofisy;1
Ипатово;26055;ipatovo;pomesh;9
Ипатово;26055;ipatovo;sklady;4
Ипатово;26055;ipatovo;magaziny;8
Ипатово;26055;ipatovo;proizvodstvo;5
Кисловодск;128502;kislovodsk;kvartiry;4952
Кисловодск;128502;kislovodsk;dom;450
Кисловодск;128502;kislovodsk;dachi;39
Кисловодск;128502;kislovodsk;kottedzhi;3
Кисловодск;128502;kislovodsk;taunhaus;3
Кисловодск;128502;kislovodsk;zemlya_izhs;195
Кисловодск;128502;kislovodsk;zemlya_selhoznaznacheniya;88
Кисловодск;128502;kislovodsk;zemlya_promnaznacheniya;3
Кисловодск;128502;kislovodsk;garazhi_m;137
Кисловодск;128502;kislovodsk;ofisy;15
Кисловодск;128502;kislovodsk;pomesh;47
Кисловодск;128502;kislovodsk;sklady;2
Кисловодск;128502;kislovodsk;magaziny;27
Кисловодск;128502;kislovodsk;proizvodstvo;3
Лермонтов;22540;lermontov;kvartiry;448
Лермонтов;22540;lermontov;dom;72
Лермонтов;22540;lermontov;dachi;26
Лермонтов;22540;lermontov;kottedzhi;1
Лермонтов;22540;lermontov;taunhaus;155
Лермонтов;22540;lermontov;zemlya_izhs;29
Лермонтов;22540;lermontov;zemlya_selhoznaznacheniya;38
Лермонтов;22540;lermontov;zemlya_promnaznacheniya;7
Лермонтов;22540;lermontov;garazhi_m;27
Лермонтов;22540;lermontov;ofisy;11
Лермонтов;22540;lermontov;pomesh;17
Лермонтов;22540;lermontov;sklady;5
Лермонтов;22540;lermontov;magaziny;8
Лермонтов;22540;lermontov;proizvodstvo;2
Минеральные Воды;76715;mineralnye_vody;kvartiry;1344
Минеральные Воды;76715;mineralnye_vody;dom;326
Минеральные Воды;76715;mineralnye_vody;dachi;11
Минеральные Воды;76715;mineralnye_vody;kottedzhi;8
Минеральные Воды;76715;mineralnye_vody;taunhaus;4
Минеральные Воды;76715;mineralnye_vody;zemlya_izhs;124
Минеральные Воды;76715;mineralnye_vody;zemlya_selhoznaznacheniya;9
Минеральные Воды;76715;mineralnye_vody;zemlya_promnaznacheniya;11
Минеральные Воды;76715;mineralnye_vody;garazhi_m;76
Минеральные Воды;76715;mineralnye_vody;ofisy;20
Минеральные Воды;76715;mineralnye_vody;pomesh;30
Минеральные Воды;76715;mineralnye_vody;sklady;5
Минеральные Воды;76715;mineralnye_vody;magaziny;22
Минеральные Воды;76715;mineralnye_vody;proizvodstvo;9
Михайловск;71018;stavropolskiy_kray_mihaylovsk;kvartiry;2937
Михайловск;71018;stavropolskiy_kray_mihaylovsk;dom;988
Михайловск;71018;stavropolskiy_kray_mihaylovsk;dachi;16
Михайловск;71018;stavropolskiy_kray_mihaylovsk;kottedzhi;674
Михайловск;71018;stavropolskiy_kray_mihaylovsk;taunhaus;120
Михайловск;71018;stavropolskiy_kray_mihaylovsk;zemlya_izhs;196
Михайловск;71018;stavropolskiy_kray_mihaylovsk;zemlya_selhoznaznacheniya;82
Михайловск;71018;stavropolskiy_kray_mihaylovsk;zemlya_promnaznacheniya;3
Михайловск;71018;stavropolskiy_kray_mihaylovsk;garazhi_m;41
Михайловск;71018;stavropolskiy_kray_mihaylovsk;ofisy;21
Михайловск;71018;stavropolskiy_kray_mihaylovsk;pomesh;49
Михайловск;71018;stavropolskiy_kray_mihaylovsk;sklady;6
Михайловск;71018;stavropolskiy_kray_mihaylovsk;magaziny;47
Михайловск;71018;stavropolskiy_kray_mihaylovsk;proizvodstvo;5
Невинномысск;118351;nevinnomyssk;kvartiry;1678
Яранск;17252;yaransk;ofisy;1
Майкоп;144055;maykop;kvartiry;5268
Медногорск;27253;mednogorsk;taunhaus;958
Яранск;17252;yaransk;pomesh;4
Медногорск;27253;mednogorsk;zemlya_izhs;966
Майкоп;144055;maykop;dom;771
Медногорск;27253;mednogorsk;zemlya_selhoznaznacheniya;1
Яранск;17252;yaransk;sklady;1
Майкоп;144055;maykop;dachi;47
Медногорск;27253;mednogorsk;zemlya_promnaznacheniya;110
Яранск;17252;yaransk;magaziny;4
Майкоп;144055;maykop;kottedzhi;4
Медногорск;27253;mednogorsk;garazhi_m;6
Яранск;17252;yaransk;proizvodstvo;1
Майкоп;144055;maykop;taunhaus;19
Медногорск;27253;mednogorsk;ofisy;2
Воркута;70551;vorkuta;kvartiry;559
Майкоп;144055;maykop;zemlya_izhs;574
Медногорск;27253;mednogorsk;pomesh;5
Воркута;70551;vorkuta;dom;1
Майкоп;144055;maykop;zemlya_selhoznaznacheniya;158
Медногорск;27253;mednogorsk;sklady;334
Воркута;70551;vorkuta;dachi;750
Майкоп;144055;maykop;zemlya_promnaznacheniya;14
Медногорск;27253;mednogorsk;magaziny;4
Воркута;70551;vorkuta;kottedzhi;1
Майкоп;144055;maykop;garazhi_m;206
Медногорск;27253;mednogorsk;proizvodstvo;2
Воркута;70551;vorkuta;taunhaus;941
Майкоп;144055;maykop;ofisy;37
Новотроицк;97914;novotroitsk;kvartiry;159
Воркута;70551;vorkuta;zemlya_izhs;908
Майкоп;144055;maykop;pomesh;61
Новотроицк;97914;novotroitsk;dom;14
Воркута;70551;vorkuta;zemlya_selhoznaznacheniya;961
Майкоп;144055;maykop;sklady;14
Новотроицк;97914;novotroitsk;dachi;2
Воркута;70551;vorkuta;zemlya_promnaznacheniya;852
Новотроицк;97914;novotroitsk;kottedzhi;1
Майкоп;144055;maykop;magaziny;36
Воркута;70551;vorkuta;garazhi_m;52
Новотроицк;97914;novotroitsk;taunhaus;24
Майкоп;144055;maykop;proizvodstvo;11
Воркута;70551;vorkuta;ofisy;3
Новотроицк;97914;novotroitsk;zemlya_izhs;2
Воркута;70551;vorkuta;pomesh;9
Горно-Алтайск;62861;gorno-altaysk;kvartiry;749
Новотроицк;97914;novotroitsk;zemlya_selhoznaznacheniya;4
Горно-Алтайск;62861;gorno-altaysk;dom;878
Воркута;70551;vorkuta;sklady;2
Новотроицк;97914;novotroitsk;zemlya_promnaznacheniya;1
Воркута;70551;vorkuta;magaziny;5
Горно-Алтайск;62861;gorno-altaysk;dachi;7
Новотроицк;97914;novotroitsk;garazhi_m;15
Воркута;70551;vorkuta;proizvodstvo;1
Горно-Алтайск;62861;gorno-altaysk;kottedzhi;61
Новотроицк;97914;novotroitsk;ofisy;924
Инта;32021;inta;kvartiry;166
Горно-Алтайск;62861;gorno-altaysk;taunhaus;5
Новотроицк;97914;novotroitsk;pomesh;882
Инта;32021;inta;dom;3
Горно-Алтайск;62861;gorno-altaysk;zemlya_izhs;1139
Новотроицк;97914;novotroitsk;sklady;372
Инта;32021;inta;dachi;5
Горно-Алтайск;62861;gorno-altaysk;zemlya_selhoznaznacheniya;628
Новотроицк;97914;novotroitsk;magaziny;56
Инта;32021;inta;kottedzhi;227
Горно-Алтайск;62861;gorno-altaysk;zemlya_promnaznacheniya;29
Новотроицк;97914;novotroitsk;proizvodstvo;179
Инта;32021;inta;taunhaus;98
Горно-Алтайск;62861;gorno-altaysk;garazhi_m;56
Оренбург;570329;orenburg;kvartiry;7124
Инта;32021;inta;zemlya_izhs;883
Горно-Алтайск;62861;gorno-altaysk;ofisy;16
Оренбург;570329;orenburg;dom;1637
Инта;32021;inta;zemlya_selhoznaznacheniya;76
Оренбург;570329;orenburg;dachi;247
Горно-Алтайск;62861;gorno-altaysk;pomesh;40
Инта;32021;inta;zemlya_promnaznacheniya;1
Горно-Алтайск;62861;gorno-altaysk;sklady;6
Оренбург;570329;orenburg;kottedzhi;91
Инта;32021;inta;garazhi_m;23
Горно-Алтайск;62861;gorno-altaysk;magaziny;27
Оренбург;570329;orenburg;taunhaus;180
Инта;32021;inta;ofisy;2
Оренбург;570329;orenburg;zemlya_izhs;339
Инта;32021;inta;pomesh;9
Горно-Алтайск;62861;gorno-altaysk;proizvodstvo;5
Оренбург;570329;orenburg;zemlya_selhoznaznacheniya;471
Инта;32021;inta;sklady;1
Алейск;28528;aleysk;kvartiry;106
Инта;32021;inta;magaziny;7
Оренбург;570329;orenburg;zemlya_promnaznacheniya;23
Алейск;28528;aleysk;dom;160
Оренбург;570329;orenburg;garazhi_m;326
Инта;32021;inta;proizvodstvo;21
Алейск;28528;aleysk;dachi;4
Оренбург;570329;orenburg;ofisy;114
Печора;43458;pechora;kvartiry;380
Алейск;28528;aleysk;kottedzhi;133
Оренбург;570329;orenburg;pomesh;210
Печора;43458;pechora;dom;19
Алейск;28528;aleysk;taunhaus;1
Оренбург;570329;orenburg;sklady;29
Печора;43458;pechora;dachi;19
Алейск;28528;aleysk;zemlya_izhs;34
Оренбург;570329;orenburg;magaziny;117
Печора;43458;pechora;kottedzhi;2
Алейск;28528;aleysk;zemlya_selhoznaznacheniya;1
Печора;43458;pechora;taunhaus;973
Оренбург;570329;orenburg;proizvodstvo;37
Алейск;28528;aleysk;zemlya_promnaznacheniya;978
Печора;43458;pechora;zemlya_izhs;15
Орск;238006;orsk;kvartiry;653
Алейск;28528;aleysk;garazhi_m;17
Печора;43458;pechora;zemlya_selhoznaznacheniya;2
Орск;238006;orsk;dom;109
Алейск;28528;aleysk;ofisy;1
Печора;43458;pechora;zemlya_promnaznacheniya;0
Орск;238006;orsk;dachi;10
Печора;43458;pechora;garazhi_m;67
Алейск;28528;aleysk;pomesh;4
Орск;238006;orsk;kottedzhi;10
Печора;43458;pechora;ofisy;8
Алейск;28528;aleysk;sklady;1
Орск;238006;orsk;taunhaus;1
Печора;43458;pechora;pomesh;13
Алейск;28528;aleysk;magaziny;4
Орск;238006;orsk;zemlya_izhs;27
Печора;43458;pechora;sklady;2
Алейск;28528;aleysk;proizvodstvo;2
Орск;238006;orsk;zemlya_selhoznaznacheniya;13
Печора;43458;pechora;magaziny;13
Орск;238006;orsk;zemlya_promnaznacheniya;1
Барнаул;635585;barnaul;kvartiry;8868
Печора;43458;pechora;proizvodstvo;2
Орск;238006;orsk;garazhi_m;52
Барнаул;635585;barnaul;dom;1159
Сосногорск;27809;sosnogorsk;kvartiry;197
Орск;238006;orsk;ofisy;13
Барнаул;635585;barnaul;dachi;636
Сосногорск;27809;sosnogorsk;dom;23
Орск;238006;orsk;pomesh;26
Барнаул;635585;barnaul;kottedzhi;182
Сосногорск;27809;sosnogorsk;dachi;16
Орск;238006;orsk;sklady;8
Барнаул;635585;barnaul;taunhaus;29
Сосногорск;27809;sosnogorsk;kottedzhi;916
Орск;238006;orsk;magaziny;15
Барнаул;635585;barnaul;zemlya_izhs;638
Сосногорск;27809;sosnogorsk;taunhaus;24
Орск;238006;orsk;proizvodstvo;8
Барнаул;635585;barnaul;zemlya_selhoznaznacheniya;326
Соль-Илецк;26308;sol-iletsk;kvartiry;201
Сосногорск;27809;sosnogorsk;zemlya_izhs;39
Барнаул;635585;barnaul;zemlya_promnaznacheniya;48
Соль-Илецк;26308;sol-iletsk;dom;120
Сосногорск;27809;sosnogorsk;zemlya_selhoznaznacheniya;13
Барнаул;635585;barnaul;garazhi_m;1732
Соль-Илецк;26308;sol-iletsk;dachi;2
Сосногорск;27809;sosnogorsk;zemlya_promnaznacheniya;868
Барнаул;635585;barnaul;ofisy;203
Соль-Илецк;26308;sol-iletsk;kottedzhi;7
Сосногорск;27809;sosnogorsk;garazhi_m;34
Соль-Илецк;26308;sol-iletsk;taunhaus;1
Барнаул;635585;barnaul;pomesh;363
Сосногорск;27809;sosnogorsk;ofisy;4
Соль-Илецк;26308;sol-iletsk;zemlya_izhs;41
Барнаул;635585;barnaul;sklady;79
Сосногорск;27809;sosnogorsk;pomesh;10
Соль-Илецк;26308;sol-iletsk;zemlya_selhoznaznacheniya;5
Барнаул;635585;barnaul;magaziny;187
Сосногорск;27809;sosnogorsk;sklady;1
Соль-Илецк;26308;sol-iletsk;zemlya_promnaznacheniya;1
Сосногорск;27809;sosnogorsk;magaziny;6
Барнаул;635585;barnaul;proizvodstvo;72
Соль-Илецк;26308;sol-iletsk;garazhi_m;1
Сосногорск;27809;sosnogorsk;proizvodstvo;206
Белокуриха;15072;belokuriha;kvartiry;607
Соль-Илецк;26308;sol-iletsk;ofisy;1
Белокуриха;15072;belokuriha;dom;268
Сыктывкар;235006;syktyvkar;kvartiry;2418
Соль-Илецк;26308;sol-iletsk;pomesh;7
Белокуриха;15072;belokuriha;dachi;3
Сыктывкар;235006;syktyvkar;dom;158
Соль-Илецк;26308;sol-iletsk;sklady;135
Сыктывкар;235006;syktyvkar;dachi;126
Белокуриха;15072;belokuriha;kottedzhi;26
Соль-Илецк;26308;sol-iletsk;magaziny;1
Сыктывкар;235006;syktyvkar;kottedzhi;18
Белокуриха;15072;belokuriha;taunhaus;5
Соль-Илецк;26308;sol-iletsk;proizvodstvo;1
Сыктывкар;235006;syktyvkar;taunhaus;15
Белокуриха;15072;belokuriha;zemlya_izhs;270
Сорочинск;30136;sorochinsk;kvartiry;107
Сыктывкар;235006;syktyvkar;zemlya_izhs;107
Белокуриха;15072;belokuriha;zemlya_selhoznaznacheniya;107
Сорочинск;30136;sorochinsk;dom;98
Сыктывкар;235006;syktyvkar;zemlya_selhoznaznacheniya;92
Сорочинск;30136;sorochinsk;dachi;1
Белокуриха;15072;belokuriha;zemlya_promnaznacheniya;4
Сыктывкар;235006;syktyvkar;zemlya_promnaznacheniya;21
Сорочинск;30136;sorochinsk;kottedzhi;887
Белокуриха;15072;belokuriha;garazhi_m;17
Сыктывкар;235006;syktyvkar;garazhi_m;271
Сорочинск;30136;sorochinsk;taunhaus;1
Белокуриха;15072;belokuriha;ofisy;3
Сыктывкар;235006;syktyvkar;ofisy;55
Сорочинск;30136;sorochinsk;zemlya_izhs;16
Белокуриха;15072;belokuriha;pomesh;9
Сыктывкар;235006;syktyvkar;pomesh;100
Сорочинск;30136;sorochinsk;zemlya_selhoznaznacheniya;1
Белокуриха;15072;belokuriha;sklady;3
Сыктывкар;235006;syktyvkar;sklady;33
Сорочинск;30136;sorochinsk;zemlya_promnaznacheniya;1
Белокуриха;15072;belokuriha;magaziny;7
Сыктывкар;235006;syktyvkar;magaziny;48
Сорочинск;30136;sorochinsk;garazhi_m;9
Белокуриха;15072;belokuriha;proizvodstvo;1
Сыктывкар;235006;syktyvkar;proizvodstvo;25
Сорочинск;30136;sorochinsk;ofisy;3
Бийск;203826;biysk;kvartiry;1725
Усинск;41100;usinsk;kvartiry;649
Сорочинск;30136;sorochinsk;pomesh;9
Бийск;203826;biysk;dom;801
Усинск;41100;usinsk;dom;30
Сорочинск;30136;sorochinsk;sklady;3
Бийск;203826;biysk;dachi;389
Усинск;41100;usinsk;dachi;54
Сорочинск;30136;sorochinsk;magaziny;4
Бийск;203826;biysk;kottedzhi;40
Усинск;41100;usinsk;kottedzhi;1
Сорочинск;30136;sorochinsk;proizvodstvo;4
Бийск;203826;biysk;taunhaus;3
Усинск;41100;usinsk;taunhaus;185
Ясный;16082;yasnyy;kvartiry;25
Бийск;203826;biysk;zemlya_izhs;426
Усинск;41100;usinsk;zemlya_izhs;21
Ясный;16082;yasnyy;dom;3
Бийск;203826;biysk;zemlya_selhoznaznacheniya;193
Ясный;16082;yasnyy;dachi;56
Усинск;41100;usinsk;zemlya_selhoznaznacheniya;11
Бийск;203826;biysk;zemlya_promnaznacheniya;25
Ясный;16082;yasnyy;kottedzhi;307
Усинск;41100;usinsk;zemlya_promnaznacheniya;7
Бийск;203826;biysk;garazhi_m;432
Усинск;41100;usinsk;garazhi_m;53
Ясный;16082;yasnyy;taunhaus;990
Бийск;203826;biysk;ofisy;23
Ясный;16082;yasnyy;zemlya_izhs;3
Усинск;41100;usinsk;ofisy;8
Бийск;203826;biysk;pomesh;65
Усинск;41100;usinsk;pomesh;13
Ясный;16082;yasnyy;zemlya_selhoznaznacheniya;51
Бийск;203826;biysk;sklady;20
Ясный;16082;yasnyy;zemlya_promnaznacheniya;891
Усинск;41100;usinsk;sklady;5
Бийск;203826;biysk;magaziny;35
Ясный;16082;yasnyy;garazhi_m;1
Усинск;41100;usinsk;magaziny;12
Бийск;203826;biysk;proizvodstvo;23
Ясный;16082;yasnyy;ofisy;253
Усинск;41100;usinsk;proizvodstvo;8
Заринск;47035;zarinsk;kvartiry;195
Ясный;16082;yasnyy;pomesh;3
Ухта;99642;uhta;kvartiry;0
Заринск;47035;zarinsk;dom;0
Яранск;17252;yaransk;zemlya_selhoznaznacheniya;9
Заринск;47035;zarinsk;dachi;38
Заринск;47035;zarinsk;kottedzhi;7
Яранск;17252;yaransk;garazhi_m;7
Ясный;16082;yasnyy;sklady;1
Химки;207125;himki;pomesh;137
Ялта;76746;yalta;zemlya_promnaznacheniya;15
Большой Камень;39257;bolshoy_kamen;zemlya_promnaznacheniya;1
Усть-Джегута;30602;ust-dzheguta;pomesh;8
Ялта;76746;yalta;garazhi_m;102
Большой Камень;39257;bolshoy_kamen;garazhi_m;9
Химки;207125;himki;sklady;70
Усть-Джегута;30602;ust-dzheguta;sklady;1
Ялта;76746;yalta;ofisy;46
Большой Камень;39257;bolshoy_kamen;ofisy;2
Химки;207125;himki;magaziny;94
Усть-Джегута;30602;ust-dzheguta;magaziny;6
Николаевск;15081;nikolaevsk;zemlya_promnaznacheniya;0
Ясногорск;16804;tulskaya_oblast_yasnogorsk;sklady;0
Заринск;47035;zarinsk;taunhaus;0
Ялта;76746;yalta;pomesh;94
Большой Камень;39257;bolshoy_kamen;pomesh;3
Усть-Джегута;30602;ust-dzheguta;proizvodstvo;1
Химки;207125;himki;proizvodstvo;38
Николаевск;15081;nikolaevsk;garazhi_m;1
Заринск;47035;zarinsk;zemlya_izhs;31
Ялта;76746;yalta;sklady;10
Черкесск;121439;cherkessk;kvartiry;1673
Хотьково;21612;hotkovo;kvartiry;308
Заринск;47035;zarinsk;zemlya_selhoznaznacheniya;16
Ялта;76746;yalta;magaziny;58
Черкесск;121439;cherkessk;dom;565
Хотьково;21612;hotkovo;dom;272
Заринск;47035;zarinsk;zemlya_promnaznacheniya;2
Черкесск;121439;cherkessk;dachi;90
Ялта;76746;yalta;proizvodstvo;3
Хотьково;21612;hotkovo;dachi;86
